name,jurisdiction,scheduled_date,election_id,level,election_type,source
亀山市長選挙（2017年1月29日投票）結果,三重県,2017-01-29,elec_0,local,council,seijiyama.jp
尾鷲市議会議員選挙（2017年6月11日投票）結果,三重県,2017-06-11,elec_1,local,council,seijiyama.jp
伊勢市議会議員選挙（2017年10月29日投票）結果,三重県,2017-10-29,elec_2,local,council,seijiyama.jp
志摩市議会議員選挙（2017年10月22日投票）結果,三重県,2017-10-22,elec_3,local,council,seijiyama.jp
伊賀市議会議員選挙（2017年3月26日投票）結果,三重県,2017-03-26,elec_4,local,council,seijiyama.jp
大紀町議会議員選挙（2017年2月26日投票）結果,三重県,2017-02-26,elec_5,local,council,seijiyama.jp
松阪市議会議員選挙（2017年7月23日投票）結果,三重県,2017-07-23,elec_6,local,council,seijiyama.jp
鳥羽市長選挙（2017年4月16日投票）結果,三重県,2017-04-16,elec_7,local,council,seijiyama.jp
いなべ市議会議員選挙（2017年11月19日投票）結果,三重県,2017-11-19,elec_8,local,council,seijiyama.jp
熊野市長選挙（2017年10月22日投票）結果,三重県,2017-10-22,elec_9,local,council,seijiyama.jp
多気町長選挙（2018年1月28日投票）結果,三重県,2018-01-28,elec_10,local,council,seijiyama.jp
津市議会議員選挙（2018年1月28日投票）結果,三重県,2018-01-28,elec_11,local,council,seijiyama.jp
大台町長選挙（2018年1月28日投票）結果,三重県,2018-01-28,elec_12,local,council,seijiyama.jp
尾鷲市長選挙（2017年6月11日投票）結果,三重県,2017-06-11,elec_13,local,council,seijiyama.jp
木曽岬町長選挙（2017年4月23日投票）結果,三重県,2017-04-23,elec_14,local,council,seijiyama.jp
南伊勢町長選挙（2017年10月22日投票）結果,三重県,2017-10-22,elec_15,local,council,seijiyama.jp
紀北町長選挙（2017年10月22日投票）結果,三重県,2017-10-22,elec_16,local,council,seijiyama.jp
紀宝町長選挙（2018年1月28日投票）結果,三重県,2018-01-28,elec_17,local,council,seijiyama.jp
大紀町長選挙（2017年2月26日投票）結果,三重県,2017-02-26,elec_18,local,council,seijiyama.jp
伊勢市長選挙（2017年10月29日投票）結果,三重県,2017-10-29,elec_19,local,council,seijiyama.jp
与謝野町議会議員選挙（2018年4月8日投票）結果,京都府,2018-04-08,elec_20,local,council,seijiyama.jp
亀岡市議会議員選挙（2019年1月27日投票）結果,京都府,2019-01-27,elec_21,local,council,seijiyama.jp
精華町議会議員選挙（2017年5月14日投票）結果,京都府,2017-05-14,elec_22,local,council,seijiyama.jp
長岡京市議会議員選挙（2017年10月1日投票）結果,京都府,2017-10-01,elec_23,local,council,seijiyama.jp
長岡京市長選挙（2019年1月13日投票）結果,京都府,2019-01-13,elec_24,local,council,seijiyama.jp
京都府議会議員補欠選挙（宮津市及び与謝郡選挙区）（2017年11月19日投票）結果,京都府,2017-11-19,elec_25,local,council,seijiyama.jp
木津川市議会議員選挙（2019年4月21日投票）結果,京都府,2019-04-21,elec_26,local,council,seijiyama.jp
京丹波町長選挙（2017年11月5日投票）結果,京都府,2017-11-05,elec_27,local,council,seijiyama.jp
宇治田原町長選挙（2017年2月5日投票）結果,京都府,2017-02-05,elec_28,local,council,seijiyama.jp
南丹市議会議員選挙（2018年2月11日投票）結果,京都府,2018-02-11,elec_29,local,council,seijiyama.jp
京丹波町議会議員選挙（2017年11月5日投票）結果,京都府,2017-11-05,elec_30,local,council,seijiyama.jp
木津川市長選挙（2019年4月21日投票）結果,京都府,2019-04-21,elec_31,local,council,seijiyama.jp
和束町長選挙（2017年4月16日投票）結果,京都府,2017-04-16,elec_32,local,council,seijiyama.jp
綾部市長選挙（2018年1月28日投票）結果,京都府,2018-01-28,elec_33,local,council,seijiyama.jp
舞鶴市長選挙（2019年2月3日投票）結果,京都府,2019-02-03,elec_34,local,council,seijiyama.jp
城陽市長選挙（2017年9月10日投票）結果,京都府,2017-09-10,elec_35,local,council,seijiyama.jp
与謝野町長選挙（2018年4月8日投票）結果,京都府,2018-04-08,elec_36,local,council,seijiyama.jp
京都府知事選挙（2018年4月8日投票）結果,京都府,2018-04-08,elec_37,local,council,seijiyama.jp
みやき町長選挙（2017年4月2日投票）結果,佐賀県,2017-04-02,elec_38,local,council,seijiyama.jp
唐津市議会議員選挙（2017年1月29日投票）結果,佐賀県,2017-01-29,elec_39,local,council,seijiyama.jp
上峰町長選挙（2017年3月12日投票）結果,佐賀県,2017-03-12,elec_40,local,council,seijiyama.jp
小城市議会議員選挙（2018年2月11日投票）結果,佐賀県,2018-02-11,elec_41,local,council,seijiyama.jp
玄海町議会議員選挙（2017年9月24日投票）結果,佐賀県,2017-09-24,elec_42,local,council,seijiyama.jp
基山町議会議員選挙（2019年4月21日投票）結果,佐賀県,2019-04-21,elec_43,local,council,seijiyama.jp
鳥栖市議会議員選挙（2017年11月19日投票）結果,佐賀県,2017-11-19,elec_44,local,council,seijiyama.jp
みやき町議会議員選挙（2018年2月18日投票）結果,佐賀県,2018-02-18,elec_45,local,council,seijiyama.jp
佐賀市議会議員選挙（2017年10月15日投票）結果,佐賀県,2017-10-15,elec_46,local,council,seijiyama.jp
白石町議会議員選挙（2017年1月29日投票）結果,佐賀県,2017-01-29,elec_47,local,council,seijiyama.jp
唐津市長選挙（2017年1月29日投票）結果,佐賀県,2017-01-29,elec_48,local,council,seijiyama.jp
嬉野市議会議員選挙（2018年1月21日投票）結果,佐賀県,2018-01-21,elec_49,local,council,seijiyama.jp
みやき町議会議員補欠選挙（2017年4月2日投票）結果,佐賀県,2017-04-02,elec_50,local,council,seijiyama.jp
武雄市長選挙（2018年12月16日投票）結果,佐賀県,2018-12-16,elec_51,local,council,seijiyama.jp
嬉野市長選挙（2018年1月21日投票）結果,佐賀県,2018-01-21,elec_52,local,council,seijiyama.jp
多久市長選挙（2017年9月10日投票）結果,佐賀県,2017-09-10,elec_53,local,council,seijiyama.jp
小城市長選挙（2017年3月26日投票）結果,佐賀県,2017-03-26,elec_54,local,council,seijiyama.jp
白石町長選挙（2017年1月29日投票）結果,佐賀県,2017-01-29,elec_55,local,council,seijiyama.jp
佐賀市長選挙（2017年10月15日投票）結果,佐賀県,2017-10-15,elec_56,local,council,seijiyama.jp
西脇市議会議員選挙（2017年10月22日投票）結果,兵庫県,2017-10-22,elec_57,local,council,seijiyama.jp
神河町長選挙（2017年11月19日投票）結果,兵庫県,2017-11-19,elec_58,local,council,seijiyama.jp
上郡町長選挙（2017年7月2日投票）結果,兵庫県,2017-07-02,elec_59,local,council,seijiyama.jp
宝塚市長選挙（2017年4月16日投票）結果,兵庫県,2017-04-16,elec_60,local,council,seijiyama.jp
兵庫県知事選挙（2017年7月2日投票）結果,兵庫県,2017-07-02,elec_61,local,council,seijiyama.jp
赤穂市議会議員選挙（2017年4月2日投票）結果,兵庫県,2017-04-02,elec_62,local,council,seijiyama.jp
豊岡市長選挙（2017年4月23日投票）結果,兵庫県,2017-04-23,elec_63,local,council,seijiyama.jp
神戸市長選挙（2017年10月22日投票）結果,兵庫県,2017-10-22,elec_64,local,council,seijiyama.jp
三木市長選挙（2017年7月2日投票）結果,兵庫県,2017-07-02,elec_65,local,council,seijiyama.jp
洲本市長選挙（2018年3月11日投票）結果,兵庫県,2018-03-11,elec_66,local,council,seijiyama.jp
多可町長選挙（2017年11月19日投票）結果,兵庫県,2017-11-19,elec_67,local,council,seijiyama.jp
朝来市長選挙（2017年4月23日投票）結果,兵庫県,2017-04-23,elec_68,local,council,seijiyama.jp
南あわじ市長選挙（2017年2月5日投票）結果,兵庫県,2017-02-05,elec_69,local,council,seijiyama.jp
たつの市長選挙（2017年10月22日投票）結果,兵庫県,2017-10-22,elec_70,local,council,seijiyama.jp
淡路市長選挙（2017年4月23日投票）結果,兵庫県,2017-04-23,elec_71,local,council,seijiyama.jp
西脇市長選挙（2017年10月22日投票）結果,兵庫県,2017-10-22,elec_72,local,council,seijiyama.jp
猪名川町長選挙（2017年10月22日投票）結果,兵庫県,2017-10-22,elec_73,local,council,seijiyama.jp
豊岡市議会議員補欠選挙（2017年4月23日投票）結果,兵庫県,2017-04-23,elec_74,local,council,seijiyama.jp
宍粟市長選挙（2017年4月30日投票）結果,兵庫県,2017-04-30,elec_75,local,council,seijiyama.jp
伊丹市長選挙（2017年4月16日投票）結果,兵庫県,2017-04-16,elec_76,local,council,seijiyama.jp
鹿部町議会議員選挙（2017年2月5日投票）結果,北海道,2017-02-05,elec_77,local,council,seijiyama.jp
上士幌町長選挙（2017年3月12日投票）結果,北海道,2017-03-12,elec_78,local,council,seijiyama.jp
留寿都村長選挙（2017年3月26日投票）結果,北海道,2017-03-26,elec_79,local,council,seijiyama.jp
留萌市長選挙（2018年2月25日投票）結果,北海道,2018-02-25,elec_80,local,council,seijiyama.jp
津別町議会議員選挙（2017年2月19日投票）結果,北海道,2017-02-19,elec_81,local,council,seijiyama.jp
比布町長選挙（2017年12月17日投票）結果,北海道,2017-12-17,elec_82,local,council,seijiyama.jp
上砂川町議会議員選挙（2017年2月5日投票）結果,北海道,2017-02-05,elec_83,local,council,seijiyama.jp
鹿部町長選挙（2017年2月5日投票）結果,北海道,2017-02-05,elec_84,local,council,seijiyama.jp
奥尻町長選挙（2017年2月19日投票）結果,北海道,2017-02-19,elec_85,local,council,seijiyama.jp
紋別市長選挙（2017年6月18日投票）結果,北海道,2017-06-18,elec_86,local,council,seijiyama.jp
寿都町長選挙（2017年10月24日投票）結果,北海道,2017-10-24,elec_87,local,council,seijiyama.jp
音更町長選挙（2017年4月2日投票）結果,北海道,2017-04-02,elec_88,local,council,seijiyama.jp
豊浦町長選挙（2018年1月28日投票）結果,北海道,2018-01-28,elec_89,local,council,seijiyama.jp
士別市長選挙（2017年9月10日投票）結果,北海道,2017-09-10,elec_90,local,council,seijiyama.jp
神恵内村長選挙（2018年2月18日投票）結果,北海道,2018-02-18,elec_91,local,council,seijiyama.jp
芦別市長選挙（2017年2月26日投票）結果,北海道,2017-02-26,elec_92,local,council,seijiyama.jp
清水町長選挙（2017年2月19日投票）結果,北海道,2017-02-19,elec_93,local,council,seijiyama.jp
黒松内町長選挙（2017年1月17日投票）結果,北海道,2017-01-17,elec_94,local,council,seijiyama.jp
茂原市議会議員選挙（2017年4月23日投票）結果,千葉県,2017-04-23,elec_95,local,council,seijiyama.jp
東金市議会議員選挙（2017年3月26日投票）結果,千葉県,2017-03-26,elec_96,local,council,seijiyama.jp
鴨川市長選挙（2017年3月5日投票）結果,千葉県,2017-03-05,elec_97,local,council,seijiyama.jp
四街道市長選挙（2018年2月18日投票）結果,千葉県,2018-02-18,elec_98,local,council,seijiyama.jp
千葉県知事選挙（2017年3月26日投票）結果,千葉県,2017-03-26,elec_99,local,council,seijiyama.jp
浦安市長選挙（2017年3月26日投票）結果,千葉県,2017-03-26,elec_100,local,council,seijiyama.jp
大多喜町議会議員選挙（2017年1月15日投票）結果,千葉県,2017-01-15,elec_101,local,council,seijiyama.jp
市川市長選挙（2017年11月26日投票）結果,千葉県,2017-11-26,elec_102,local,council,seijiyama.jp
柏市長選挙（2017年10月22日投票）結果,千葉県,2017-10-22,elec_103,local,council,seijiyama.jp
八千代市長選挙（2017年5月21日投票）結果,千葉県,2017-05-21,elec_104,local,council,seijiyama.jp
千葉市長選挙（2017年5月28日投票）結果,千葉県,2017-05-28,elec_105,local,council,seijiyama.jp
匝瑳市長選挙（2018年2月4日投票）結果,千葉県,2018-02-04,elec_106,local,council,seijiyama.jp
いすみ市長選挙（2017年11月26日投票）結果,千葉県,2017-11-26,elec_107,local,council,seijiyama.jp
酒々井町長選挙（2017年11月26日投票）結果,千葉県,2017-11-26,elec_108,local,council,seijiyama.jp
旭市長選挙（2017年7月23日投票）結果,千葉県,2017-07-23,elec_109,local,council,seijiyama.jp
船橋市長選挙（2017年6月18日投票）結果,千葉県,2017-06-18,elec_110,local,council,seijiyama.jp
白子町長選挙（2017年5月28日投票）結果,千葉県,2017-05-28,elec_111,local,council,seijiyama.jp
銚子市長選挙（2017年4月23日投票）結果,千葉県,2017-04-23,elec_112,local,council,seijiyama.jp
木更津市長選挙（2018年3月25日投票）結果,千葉県,2018-03-25,elec_113,local,council,seijiyama.jp
大多喜町長選挙（2018年1月21日投票）結果,千葉県,2018-01-21,elec_114,local,council,seijiyama.jp
太地町議会議員選挙（2017年7月30日投票）結果,和歌山県,2017-07-30,elec_115,local,council,seijiyama.jp
岩出市議会議員選挙（2017年1月29日投票）結果,和歌山県,2017-01-29,elec_116,local,council,seijiyama.jp
紀の川市議会議員選挙（2017年11月19日投票）結果,和歌山県,2017-11-19,elec_117,local,council,seijiyama.jp
新宮市長選挙（2017年10月22日投票）結果,和歌山県,2017-10-22,elec_118,local,council,seijiyama.jp
有田川町長選挙（2018年1月28日投票）結果,和歌山県,2018-01-28,elec_119,local,council,seijiyama.jp
印南町議会議員選挙（2017年8月6日投票）結果,和歌山県,2017-08-06,elec_120,local,council,seijiyama.jp
有田川町議会議員選挙（2018年1月28日投票）結果,和歌山県,2018-01-28,elec_121,local,council,seijiyama.jp
田辺市議会議員選挙（2017年4月23日投票）結果,和歌山県,2017-04-23,elec_122,local,council,seijiyama.jp
紀の川市長選挙（2017年11月19日投票）結果,和歌山県,2017-11-19,elec_123,local,council,seijiyama.jp
串本町長選挙（2017年4月16日投票）結果,和歌山県,2017-04-16,elec_124,local,council,seijiyama.jp
白浜町議会議員選挙（2018年3月18日投票）結果,和歌山県,2018-03-18,elec_125,local,council,seijiyama.jp
日高川町長選挙（2017年5月21日投票）結果,和歌山県,2017-05-21,elec_126,local,council,seijiyama.jp
串本町議会議員選挙（2017年4月16日投票）結果,和歌山県,2017-04-16,elec_127,local,council,seijiyama.jp
上富田町長選挙（2018年1月28日投票）結果,和歌山県,2018-01-28,elec_128,local,council,seijiyama.jp
紀美野町長選挙（2018年1月21日投票）結果,和歌山県,2018-01-21,elec_129,local,council,seijiyama.jp
那智勝浦町長選挙（2017年12月24日投票）結果,和歌山県,2017-12-24,elec_130,local,council,seijiyama.jp
橋本市長選挙（2018年3月18日投票）結果,和歌山県,2018-03-18,elec_131,local,council,seijiyama.jp
広川町長選挙（2017年9月10日投票）結果,和歌山県,2017-09-10,elec_132,local,council,seijiyama.jp
田辺市長選挙（2017年4月23日投票）結果,和歌山県,2017-04-23,elec_133,local,council,seijiyama.jp
海南市長選挙（2017年4月16日投票）結果,和歌山県,2017-04-16,elec_134,local,council,seijiyama.jp
入間市議会議員選挙（2017年3月12日投票）結果,埼玉県,2017-03-12,elec_135,local,council,seijiyama.jp
戸田市議会議員選挙（2017年1月29日投票）結果,埼玉県,2017-01-29,elec_136,local,council,seijiyama.jp
富士見市議会議員選挙（2017年3月26日投票）結果,埼玉県,2017-03-26,elec_137,local,council,seijiyama.jp
さいたま市長選挙（2017年5月21日投票）結果,埼玉県,2017-05-21,elec_138,local,council,seijiyama.jp
秩父市長選挙（2017年4月23日投票）結果,埼玉県,2017-04-23,elec_139,local,council,seijiyama.jp
越谷市長選挙（2017年10月29日投票）結果,埼玉県,2017-10-29,elec_140,local,council,seijiyama.jp
深谷市長選挙（2018年1月28日投票）結果,埼玉県,2018-01-28,elec_141,local,council,seijiyama.jp
本庄市長選挙（2018年1月28日投票）結果,埼玉県,2018-01-28,elec_142,local,council,seijiyama.jp
飯能市長選挙（2017年7月9日投票）結果,埼玉県,2017-07-09,elec_143,local,council,seijiyama.jp
八潮市長選挙（2017年9月3日投票）結果,埼玉県,2017-09-03,elec_144,local,council,seijiyama.jp
川口市長選挙（2018年2月4日投票）結果,埼玉県,2018-02-04,elec_145,local,council,seijiyama.jp
川越市議会議員補欠選挙（2017年1月22日投票）結果,埼玉県,2017-01-22,elec_146,local,council,seijiyama.jp
朝霞市長選挙（2017年2月26日投票）結果,埼玉県,2017-02-26,elec_147,local,council,seijiyama.jp
熊谷市長選挙（2017年10月29日投票）結果,埼玉県,2017-10-29,elec_148,local,council,seijiyama.jp
桶川市長選挙（2017年4月16日投票）結果,埼玉県,2017-04-16,elec_149,local,council,seijiyama.jp
春日部市長選挙（2017年10月22日投票）結果,埼玉県,2017-10-22,elec_150,local,council,seijiyama.jp
川越市長選挙（2017年1月22日投票）結果,埼玉県,2017-01-22,elec_151,local,council,seijiyama.jp
鶴ヶ島市長選挙（2017年10月22日投票）結果,埼玉県,2017-10-22,elec_152,local,council,seijiyama.jp
越生町長選挙（2017年2月5日投票）結果,埼玉県,2017-02-05,elec_153,local,council,seijiyama.jp
上尾市長選挙（2017年12月17日投票）結果,埼玉県,2017-12-17,elec_154,local,council,seijiyama.jp
佐伯市議会議員選挙（2017年4月9日投票）結果,大分県,2017-04-09,elec_155,local,council,seijiyama.jp
大分市議会議員選挙（2017年2月19日投票）結果,大分県,2017-02-19,elec_156,local,council,seijiyama.jp
竹田市議会議員選挙（2017年4月16日投票）結果,大分県,2017-04-16,elec_157,local,council,seijiyama.jp
日出町議会議員選挙（2018年3月25日投票）結果,大分県,2018-03-25,elec_158,local,council,seijiyama.jp
宇佐市議会議員選挙（2019年4月21日投票）結果,大分県,2019-04-21,elec_159,local,council,seijiyama.jp
臼杵市長選挙（2017年1月15日投票）結果,大分県,2017-01-15,elec_160,local,council,seijiyama.jp
杵築市議会議員選挙（2019年4月21日投票）結果,大分県,2019-04-21,elec_161,local,council,seijiyama.jp
由布市議会議員選挙（2017年10月22日投票）結果,大分県,2017-10-22,elec_162,local,council,seijiyama.jp
豊後大野市議会議員選挙（2017年4月16日投票）結果,大分県,2017-04-16,elec_163,local,council,seijiyama.jp
竹田市長選挙（2017年4月16日投票）結果,大分県,2017-04-16,elec_164,local,council,seijiyama.jp
佐伯市長選挙（2017年4月9日投票）結果,大分県,2017-04-09,elec_165,local,council,seijiyama.jp
玖珠町長選挙（2018年1月28日投票）結果,大分県,2018-01-28,elec_166,local,council,seijiyama.jp
由布市長選挙（2017年10月22日投票）結果,大分県,2017-10-22,elec_167,local,council,seijiyama.jp
大分県知事選挙（2019年4月7日投票）結果,大分県,2019-04-07,elec_168,local,council,seijiyama.jp
豊後大野市長選挙（2017年4月16日投票）結果,大分県,2017-04-16,elec_169,local,council,seijiyama.jp
宇佐市長選挙（2017年4月16日投票）結果,大分県,2017-04-16,elec_170,local,council,seijiyama.jp
杵築市長選挙（2017年10月15日投票）結果,大分県,2017-10-15,elec_171,local,council,seijiyama.jp
臼杵市議会議員補欠選挙（2017年1月15日投票）結果,大分県,2017-01-15,elec_172,local,council,seijiyama.jp
豊後高田市長選挙（2017年4月16日投票）結果,大分県,2017-04-16,elec_173,local,council,seijiyama.jp
大分県議会議員補欠選挙（豊後高田市選挙区）（2017年5月28日投票）結果,大分県,2017-05-28,elec_174,local,council,seijiyama.jp
摂津市議会議員選挙（2017年9月17日投票）結果,大阪府,2017-09-17,elec_175,local,council,seijiyama.jp
茨木市議会議員選挙（2017年1月22日投票）結果,大阪府,2017-01-22,elec_176,local,council,seijiyama.jp
阪南市議会議員選挙（2017年9月17日投票）結果,大阪府,2017-09-17,elec_177,local,council,seijiyama.jp
羽曳野市議会議員選挙（2017年9月10日投票）結果,大阪府,2017-09-10,elec_178,local,council,seijiyama.jp
豊能町議会議員選挙（2017年9月24日投票）結果,大阪府,2017-09-24,elec_179,local,council,seijiyama.jp
柏原市議会議員選挙（2017年9月10日投票）結果,大阪府,2017-09-10,elec_180,local,council,seijiyama.jp
能勢町議会議員選挙（2017年4月23日投票）結果,大阪府,2017-04-23,elec_181,local,council,seijiyama.jp
島本町議会議員選挙（2017年4月16日投票）結果,大阪府,2017-04-16,elec_182,local,council,seijiyama.jp
千早赤阪村議会議員選挙（2017年4月23日投票）結果,大阪府,2017-04-23,elec_183,local,council,seijiyama.jp
岸和田市長選挙（2017年11月26日投票）結果,大阪府,2017-11-26,elec_184,local,council,seijiyama.jp
柏原市長選挙（2017年2月12日投票）結果,大阪府,2017-02-12,elec_185,local,council,seijiyama.jp
四條畷市長選挙（2017年1月15日投票）結果,大阪府,2017-01-15,elec_186,local,council,seijiyama.jp
島本町長選挙（2017年4月16日投票）結果,大阪府,2017-04-16,elec_187,local,council,seijiyama.jp
岬町長選挙（2017年9月24日投票）結果,大阪府,2017-09-24,elec_188,local,council,seijiyama.jp
松原市長選挙（2017年5月28日投票）結果,大阪府,2017-05-28,elec_189,local,council,seijiyama.jp
河南町長選挙（2018年3月25日投票）結果,大阪府,2018-03-25,elec_190,local,council,seijiyama.jp
堺市長選挙（2017年9月24日投票）結果,大阪府,2017-09-24,elec_191,local,council,seijiyama.jp
貝塚市長選挙（2018年1月28日投票）結果,大阪府,2018-01-28,elec_192,local,council,seijiyama.jp
和泉市長選挙（2017年6月4日投票）結果,大阪府,2017-06-04,elec_193,local,council,seijiyama.jp
奈良市議会議員選挙（2017年7月9日投票）結果,奈良県,2017-07-09,elec_194,local,council,seijiyama.jp
山添村議会議員選挙（2017年9月3日投票）結果,奈良県,2017-09-03,elec_195,local,council,seijiyama.jp
吉野町議会議員選挙（2017年2月26日投票）結果,奈良県,2017-02-26,elec_196,local,council,seijiyama.jp
大和郡山市長選挙（2017年6月18日投票）結果,奈良県,2017-06-18,elec_197,local,council,seijiyama.jp
香芝市議会議員選挙（2017年3月26日投票）結果,奈良県,2017-03-26,elec_198,local,council,seijiyama.jp
葛城市議会議員選挙（2017年10月22日投票）結果,奈良県,2017-10-22,elec_199,local,council,seijiyama.jp
天理市長選挙（2017年10月1日投票）結果,奈良県,2017-10-01,elec_200,local,council,seijiyama.jp
五條市議会議員選挙（2017年11月19日投票）結果,奈良県,2017-11-19,elec_201,local,council,seijiyama.jp
斑鳩町長選挙（2017年10月22日投票）結果,奈良県,2017-10-22,elec_202,local,council,seijiyama.jp
橿原市議会議員選挙（2017年2月5日投票）結果,奈良県,2017-02-05,elec_203,local,council,seijiyama.jp
十津川村長選挙（2017年4月16日投票）結果,奈良県,2017-04-16,elec_204,local,council,seijiyama.jp
奈良市長選挙（2017年7月9日投票）結果,奈良県,2017-07-09,elec_205,local,council,seijiyama.jp
上牧町長選挙（2017年3月5日投票）結果,奈良県,2017-03-05,elec_206,local,council,seijiyama.jp
宇陀市長選挙（2018年4月22日投票）結果,奈良県,2018-04-22,elec_207,local,council,seijiyama.jp
山添村長選挙（2017年9月3日投票）結果,奈良県,2017-09-03,elec_208,local,council,seijiyama.jp
広陵町長選挙（2017年6月25日投票）結果,奈良県,2017-06-25,elec_209,local,council,seijiyama.jp
川西町長選挙（2017年7月16日投票）結果,奈良県,2017-07-16,elec_210,local,council,seijiyama.jp
王寺町長選挙（2017年2月19日投票）結果,奈良県,2017-02-19,elec_211,local,council,seijiyama.jp
曽爾村長選挙（2018年1月28日投票）結果,奈良県,2018-01-28,elec_212,local,council,seijiyama.jp
黒滝村長選挙（2017年5月14日投票）結果,奈良県,2017-05-14,elec_213,local,council,seijiyama.jp
加美町議会議員選挙（2017年3月19日投票）結果,宮城県,2017-03-19,elec_214,local,council,seijiyama.jp
大河原町議会議員選挙（2017年4月16日投票）結果,宮城県,2017-04-16,elec_215,local,council,seijiyama.jp
栗原市議会議員選挙（2017年4月23日投票）結果,宮城県,2017-04-23,elec_216,local,council,seijiyama.jp
南三陸町議会議員選挙（2017年10月22日投票）結果,宮城県,2017-10-22,elec_217,local,council,seijiyama.jp
東松島市議会議員選挙（2017年4月23日投票）結果,宮城県,2017-04-23,elec_218,local,council,seijiyama.jp
登米市議会議員選挙（2017年4月23日投票）結果,宮城県,2017-04-23,elec_219,local,council,seijiyama.jp
石巻市長選挙（2017年4月23日投票）結果,宮城県,2017-04-23,elec_220,local,council,seijiyama.jp
東松島市長選挙（2017年4月23日投票）結果,宮城県,2017-04-23,elec_221,local,council,seijiyama.jp
松島町議会議員選挙（2017年12月3日投票）結果,宮城県,2017-12-03,elec_222,local,council,seijiyama.jp
柴田町議会議員選挙（2017年3月26日投票）結果,宮城県,2017-03-26,elec_223,local,council,seijiyama.jp
南三陸町長選挙（2017年10月22日投票）結果,宮城県,2017-10-22,elec_224,local,council,seijiyama.jp
栗原市長選挙（2017年4月23日投票）結果,宮城県,2017-04-23,elec_225,local,council,seijiyama.jp
美里町議会議員選挙（2018年1月21日投票）結果,宮城県,2018-01-21,elec_226,local,council,seijiyama.jp
利府町長選挙（2018年2月18日投票）結果,宮城県,2018-02-18,elec_227,local,council,seijiyama.jp
仙台市長選挙（2017年7月23日投票）結果,宮城県,2017-07-23,elec_228,local,council,seijiyama.jp
登米市長選挙（2017年4月23日投票）結果,宮城県,2017-04-23,elec_229,local,council,seijiyama.jp
宮城県知事選挙（2017年10月22日投票）結果,宮城県,2017-10-22,elec_230,local,council,seijiyama.jp
大郷町長選挙（2017年8月27日投票）結果,宮城県,2017-08-27,elec_231,local,council,seijiyama.jp
美里町長選挙（2018年1月21日投票）結果,宮城県,2018-01-21,elec_232,local,council,seijiyama.jp
宮城県議会議員補欠選挙（東松島選挙区）（2017年5月28日投票）結果,宮城県,2017-05-28,elec_233,local,council,seijiyama.jp
えびの市議会議員選挙（2017年9月24日投票）結果,宮崎県,2017-09-24,elec_234,local,council,seijiyama.jp
高千穂町議会議員選挙（2017年9月13日投票）結果,宮崎県,2017-09-13,elec_235,local,council,seijiyama.jp
美郷町議会議員選挙（2018年2月4日投票）結果,宮崎県,2018-02-04,elec_236,local,council,seijiyama.jp
国富町議会議員選挙（2017年4月23日投票）結果,宮崎県,2017-04-23,elec_237,local,council,seijiyama.jp
都城市議会議員選挙（2018年1月28日投票）結果,宮崎県,2018-01-28,elec_238,local,council,seijiyama.jp
宮崎市長選挙（2018年1月28日投票）結果,宮崎県,2018-01-28,elec_239,local,council,seijiyama.jp
五ヶ瀬町議会議員選挙（2017年7月30日投票）結果,宮崎県,2017-07-30,elec_240,local,council,seijiyama.jp
日之影町長選挙（2017年11月26日投票）結果,宮崎県,2017-11-26,elec_241,local,council,seijiyama.jp
えびの市長選挙（2017年9月24日投票）結果,宮崎県,2017-09-24,elec_242,local,council,seijiyama.jp
西都市長選挙（2017年1月29日投票）結果,宮崎県,2017-01-29,elec_243,local,council,seijiyama.jp
新富町長選挙（2018年2月25日投票）結果,宮崎県,2018-02-25,elec_244,local,council,seijiyama.jp
美郷町長選挙（2018年2月4日投票）結果,宮崎県,2018-02-04,elec_245,local,council,seijiyama.jp
串間市長選挙（2017年10月8日投票）結果,宮崎県,2017-10-08,elec_246,local,council,seijiyama.jp
日南市長選挙（2017年4月16日投票）結果,宮崎県,2017-04-16,elec_247,local,council,seijiyama.jp
高鍋町長選挙（2017年2月12日投票）結果,宮崎県,2017-02-12,elec_248,local,council,seijiyama.jp
椎葉村長選挙（2017年6月25日投票）結果,宮崎県,2017-06-25,elec_249,local,council,seijiyama.jp
宮崎県議会議員補欠選挙（串間市選挙区）（2017年10月8日投票）結果,宮崎県,2017-10-08,elec_250,local,council,seijiyama.jp
延岡市長選挙（2018年1月28日投票）結果,宮崎県,2018-01-28,elec_251,local,council,seijiyama.jp
西米良村長選挙（2018年3月25日投票）結果,宮崎県,2018-03-25,elec_252,local,council,seijiyama.jp
高原町長選挙（2017年10月1日投票）結果,宮崎県,2017-10-01,elec_253,local,council,seijiyama.jp
高岡市議会議員選挙（2017年10月22日投票）結果,富山県,2017-10-22,elec_254,local,council,seijiyama.jp
滑川市長選挙（2018年2月4日投票）結果,富山県,2018-02-04,elec_255,local,council,seijiyama.jp
富山市議会議員選挙（2017年4月16日投票）結果,富山県,2017-04-16,elec_256,local,council,seijiyama.jp
射水市議会議員選挙（2017年11月19日投票）結果,富山県,2017-11-19,elec_257,local,council,seijiyama.jp
滑川市議会議員選挙（2017年11月12日投票）結果,富山県,2017-11-12,elec_258,local,council,seijiyama.jp
上市町長選挙（2017年10月1日投票）結果,富山県,2017-10-01,elec_259,local,council,seijiyama.jp
入善町議会議員選挙（2017年10月15日投票）結果,富山県,2017-10-15,elec_260,local,council,seijiyama.jp
砺波市議会議員選挙（2017年4月16日投票）結果,富山県,2017-04-16,elec_261,local,council,seijiyama.jp
上市町議会議員選挙（2017年10月1日投票）結果,富山県,2017-10-01,elec_262,local,council,seijiyama.jp
立山町議会議員選挙（2018年1月28日投票）結果,富山県,2018-01-28,elec_263,local,council,seijiyama.jp
入善町長選挙（2018年8月12日投票）結果,富山県,2018-08-12,elec_264,local,council,seijiyama.jp
射水市長選挙（2017年11月19日投票）結果,富山県,2017-11-19,elec_265,local,council,seijiyama.jp
黒部市長選挙（2018年4月15日投票）結果,富山県,2018-04-15,elec_266,local,council,seijiyama.jp
氷見市長選挙（2017年4月2日投票）結果,富山県,2017-04-02,elec_267,local,council,seijiyama.jp
小矢部市長選挙（2018年11月18日投票）結果,富山県,2018-11-18,elec_268,local,council,seijiyama.jp
富山市長選挙（2017年4月16日投票）結果,富山県,2017-04-16,elec_269,local,council,seijiyama.jp
立山町長選挙（2018年1月28日投票）結果,富山県,2018-01-28,elec_270,local,council,seijiyama.jp
朝日町長選挙（2018年5月27日投票）結果,富山県,2018-05-27,elec_271,local,council,seijiyama.jp
高岡市長選挙（2017年7月2日投票）結果,富山県,2017-07-02,elec_272,local,council,seijiyama.jp
田布施町議会議員選挙（2017年2月5日投票）結果,山口県,2017-02-05,elec_273,local,council,seijiyama.jp
柳井市議会議員選挙（2017年12月3日投票）結果,山口県,2017-12-03,elec_274,local,council,seijiyama.jp
長門市議会議員選挙（2017年4月16日投票）結果,山口県,2017-04-16,elec_275,local,council,seijiyama.jp
下関市議会議員選挙（2019年2月3日投票）結果,山口県,2019-02-03,elec_276,local,council,seijiyama.jp
下関市長選挙（2017年3月12日投票）結果,山口県,2017-03-12,elec_277,local,council,seijiyama.jp
山陽小野田市議会議員選挙（2017年10月1日投票）結果,山口県,2017-10-01,elec_278,local,council,seijiyama.jp
阿武町議会議員選挙（2017年11月12日投票）結果,山口県,2017-11-12,elec_279,local,council,seijiyama.jp
宇部市長選挙（2017年7月9日投票）結果,山口県,2017-07-09,elec_280,local,council,seijiyama.jp
上関町議会議員選挙（2018年2月18日投票）結果,山口県,2018-02-18,elec_281,local,council,seijiyama.jp
柳井市長選挙（2017年2月26日投票）結果,山口県,2017-02-26,elec_282,local,council,seijiyama.jp
山陽小野田市長選挙（2017年4月9日投票）結果,山口県,2017-04-09,elec_283,local,council,seijiyama.jp
和木町長選挙（2017年8月27日投票）結果,山口県,2017-08-27,elec_284,local,council,seijiyama.jp
下関市議会議員補欠選挙（2017年3月12日投票）結果,山口県,2017-03-12,elec_285,local,council,seijiyama.jp
山口市長選挙（2017年10月29日投票）結果,山口県,2017-10-29,elec_286,local,council,seijiyama.jp
山口県知事選挙（2018年2月4日投票）結果,山口県,2018-02-04,elec_287,local,council,seijiyama.jp
阿武町長選挙（2017年4月16日投票）結果,山口県,2017-04-16,elec_288,local,council,seijiyama.jp
萩市長選挙（2017年3月19日投票）結果,山口県,2017-03-19,elec_289,local,council,seijiyama.jp
鶴岡市議会議員選挙（2017年10月15日投票）結果,山形県,2017-10-15,elec_290,local,council,seijiyama.jp
庄内町議会議員選挙（2018年6月24日投票）結果,山形県,2018-06-24,elec_291,local,council,seijiyama.jp
中山町長選挙（2019年1月20日投票）結果,山形県,2019-01-20,elec_292,local,council,seijiyama.jp
酒田市議会議員選挙（2017年10月29日投票）結果,山形県,2017-10-29,elec_293,local,council,seijiyama.jp
真室川町議会議員選挙（2017年3月26日投票）結果,山形県,2017-03-26,elec_294,local,council,seijiyama.jp
真室川町長選挙（2017年11月19日投票）結果,山形県,2017-11-19,elec_295,local,council,seijiyama.jp
三川町議会議員選挙（2017年2月5日投票）結果,山形県,2017-02-05,elec_296,local,council,seijiyama.jp
鮭川村長選挙（2018年3月25日投票）結果,山形県,2018-03-25,elec_297,local,council,seijiyama.jp
庄内町長選挙（2017年7月23日投票）結果,山形県,2017-07-23,elec_298,local,council,seijiyama.jp
山形県知事選挙（2017年1月22日投票）結果,山形県,2017-01-22,elec_299,local,council,seijiyama.jp
山形県議会議員選挙（2019年4月7日投票）選挙区一覧｜政治山,山形県,2019-04-07,elec_300,local,council,seijiyama.jp
村山市長選挙（2017年9月3日投票）結果,山形県,2017-09-03,elec_301,local,council,seijiyama.jp
遊佐町長選挙（2017年3月12日投票）結果,山形県,2017-03-12,elec_302,local,council,seijiyama.jp
山形県議会議員補欠選挙（西村山郡選挙区）（2017年1月22日投票）結果,山形県,2017-01-22,elec_303,local,council,seijiyama.jp
上山市長選挙（2019年4月21日投票）結果,山形県,2019-04-21,elec_304,local,council,seijiyama.jp
河北町長選挙（2019年1月27日投票）結果,山形県,2019-01-27,elec_305,local,council,seijiyama.jp
鶴岡市長選挙（2017年10月15日投票）結果,山形県,2017-10-15,elec_306,local,council,seijiyama.jp
村山市議会議員補欠選挙（2017年9月3日投票）結果,山形県,2017-09-03,elec_307,local,council,seijiyama.jp
三川町長選挙（2019年1月27日投票）結果,山形県,2019-01-27,elec_308,local,council,seijiyama.jp
山梨市議会議員選挙（2017年4月16日投票）結果,山梨県,2017-04-16,elec_309,local,council,seijiyama.jp
富士河口湖町議会議員選挙（2017年10月1日投票）結果,山梨県,2017-10-01,elec_310,local,council,seijiyama.jp
身延町議会議員選挙（2017年10月22日投票）結果,山梨県,2017-10-22,elec_311,local,council,seijiyama.jp
早川町議会議員選挙（2017年9月17日投票）結果,山梨県,2017-09-17,elec_312,local,council,seijiyama.jp
甲州市議会議員選挙（2017年11月12日投票）結果,山梨県,2017-11-12,elec_313,local,council,seijiyama.jp
市川三郷町長選挙（2017年10月29日投票）結果,山梨県,2017-10-29,elec_314,local,council,seijiyama.jp
道志村長選挙（2017年7月2日投票）結果,山梨県,2017-07-02,elec_315,local,council,seijiyama.jp
南部町長選挙（2019年4月21日投票）結果,山梨県,2019-04-21,elec_316,local,council,seijiyama.jp
上野原市議会議員選挙（2019年1月27日投票）結果,山梨県,2019-01-27,elec_317,local,council,seijiyama.jp
小菅村議会議員選挙（2019年4月21日投票）結果,山梨県,2019-04-21,elec_318,local,council,seijiyama.jp
富士吉田市長選挙（2019年4月21日投票）結果,山梨県,2019-04-21,elec_319,local,council,seijiyama.jp
都留市長選挙（2017年11月12日投票）結果,山梨県,2017-11-12,elec_320,local,council,seijiyama.jp
山梨市長選挙（2017年10月1日投票）結果,山梨県,2017-10-01,elec_321,local,council,seijiyama.jp
都留市議会議員補欠選挙（2017年11月12日投票）結果,山梨県,2017-11-12,elec_322,local,council,seijiyama.jp
上野原市議会議員補欠選挙（2017年2月19日投票）結果,山梨県,2017-02-19,elec_323,local,council,seijiyama.jp
中央市長選挙（2018年3月25日投票）結果,山梨県,2018-03-25,elec_324,local,council,seijiyama.jp
上野原市長選挙（2017年2月19日投票）結果,山梨県,2017-02-19,elec_325,local,council,seijiyama.jp
甲州市長選挙（2017年11月12日投票）結果,山梨県,2017-11-12,elec_326,local,council,seijiyama.jp
丹波山村長選挙（2017年4月23日投票）結果,山梨県,2017-04-23,elec_327,local,council,seijiyama.jp
海津市議会議員選挙（2017年9月24日投票）結果,岐阜県,2017-09-24,elec_328,local,council,seijiyama.jp
七宗町長選挙（2017年3月19日投票）結果,岐阜県,2017-03-19,elec_329,local,council,seijiyama.jp
各務原市長選挙（2017年4月23日投票）結果,岐阜県,2017-04-23,elec_330,local,council,seijiyama.jp
本巣市議会議員選挙（2017年9月24日投票）結果,岐阜県,2017-09-24,elec_331,local,council,seijiyama.jp
岐阜市長選挙（2018年1月28日投票）結果,岐阜県,2018-01-28,elec_332,local,council,seijiyama.jp
揖斐川町議会議員選挙（2017年2月19日投票）結果,岐阜県,2017-02-19,elec_333,local,council,seijiyama.jp
各務原市議会議員選挙（2017年2月26日投票）結果,岐阜県,2017-02-26,elec_334,local,council,seijiyama.jp
白川町議会議員選挙（2017年8月27日投票）結果,岐阜県,2017-08-27,elec_335,local,council,seijiyama.jp
岐南町議会議員選挙（2017年9月10日投票）結果,岐阜県,2017-09-10,elec_336,local,council,seijiyama.jp
美濃加茂市長選挙（2018年1月28日投票）結果,岐阜県,2018-01-28,elec_337,local,council,seijiyama.jp
川辺町長選挙（2017年4月23日投票）結果,岐阜県,2017-04-23,elec_338,local,council,seijiyama.jp
岐阜県知事選挙（2017年1月29日投票）結果,岐阜県,2017-01-29,elec_339,local,council,seijiyama.jp
大野町長選挙（2018年2月18日投票）結果,岐阜県,2018-02-18,elec_340,local,council,seijiyama.jp
大垣市長選挙（2017年4月16日投票）結果,岐阜県,2017-04-16,elec_341,local,council,seijiyama.jp
岐阜市議会議員補欠選挙（2018年1月28日投票）結果,岐阜県,2018-01-28,elec_342,local,council,seijiyama.jp
海津市長選挙（2017年4月23日投票）結果,岐阜県,2017-04-23,elec_343,local,council,seijiyama.jp
白川町長選挙（2017年8月27日投票）結果,岐阜県,2017-08-27,elec_344,local,council,seijiyama.jp
美濃市長選挙（2018年1月21日投票）結果,岐阜県,2018-01-21,elec_345,local,council,seijiyama.jp
美濃加茂市長選挙（2017年5月21日投票）結果,岐阜県,2017-05-21,elec_346,local,council,seijiyama.jp
美濃加茂市長選挙（2017年1月29日投票）結果,岐阜県,2017-01-29,elec_347,local,council,seijiyama.jp
真庭市議会議員選挙（2017年4月16日投票）結果,岡山県,2017-04-16,elec_348,local,council,seijiyama.jp
井原市議会議員選挙（2017年4月23日投票）結果,岡山県,2017-04-23,elec_349,local,council,seijiyama.jp
総社市議会議員選挙（2017年9月24日投票）結果,岡山県,2017-09-24,elec_350,local,council,seijiyama.jp
倉敷市議会議員選挙（2017年1月22日投票）結果,岡山県,2017-01-22,elec_351,local,council,seijiyama.jp
赤磐市議会議員選挙（2017年3月26日投票）結果,岡山県,2017-03-26,elec_352,local,council,seijiyama.jp
鏡野町議会議員選挙（2017年3月26日投票）結果,岡山県,2017-03-26,elec_353,local,council,seijiyama.jp
玉野市長選挙（2017年10月22日投票）結果,岡山県,2017-10-22,elec_354,local,council,seijiyama.jp
和気町長選挙（2018年4月8日投票）結果,岡山県,2018-04-08,elec_355,local,council,seijiyama.jp
新見市議会議員選挙（2017年4月16日投票）結果,岡山県,2017-04-16,elec_356,local,council,seijiyama.jp
里庄町長選挙（2018年1月21日投票）結果,岡山県,2018-01-21,elec_357,local,council,seijiyama.jp
瀬戸内市議会議員選挙（2017年6月4日投票）結果,岡山県,2017-06-04,elec_358,local,council,seijiyama.jp
赤磐市長選挙（2017年3月26日投票）結果,岡山県,2017-03-26,elec_359,local,council,seijiyama.jp
備前市長選挙（2017年4月9日投票）結果,岡山県,2017-04-09,elec_360,local,council,seijiyama.jp
岡山市長選挙（2017年10月1日投票）結果,岡山県,2017-10-01,elec_361,local,council,seijiyama.jp
美作市長選挙（2018年3月18日投票）結果,岡山県,2018-03-18,elec_362,local,council,seijiyama.jp
美咲町長選挙（2017年4月16日投票）結果,岡山県,2017-04-16,elec_363,local,council,seijiyama.jp
津山市長選挙（2018年2月11日投票）結果,岡山県,2018-02-11,elec_364,local,council,seijiyama.jp
鏡野町長選挙（2017年3月26日投票）結果,岡山県,2017-03-26,elec_365,local,council,seijiyama.jp
瀬戸内市長選挙（2017年6月4日投票）結果,岡山県,2017-06-04,elec_366,local,council,seijiyama.jp
一戸町長選挙（2017年11月12日投票）結果,岩手県,2017-11-12,elec_367,local,council,seijiyama.jp
岩泉町議会議員選挙（2017年4月23日投票）結果,岩手県,2017-04-23,elec_368,local,council,seijiyama.jp
花巻市長選挙（2018年1月28日投票）結果,岩手県,2018-01-28,elec_369,local,council,seijiyama.jp
岩泉町長選挙（2018年1月28日投票）結果,岩手県,2018-01-28,elec_370,local,council,seijiyama.jp
奥州市議会議員選挙（2018年3月4日投票）結果,岩手県,2018-03-04,elec_371,local,council,seijiyama.jp
一関市議会議員選挙（2017年10月1日投票）結果,岩手県,2017-10-01,elec_372,local,council,seijiyama.jp
奥州市長選挙（2018年3月4日投票）結果,岩手県,2018-03-04,elec_373,local,council,seijiyama.jp
宮古市長選挙（2017年6月25日投票）結果,岩手県,2017-06-25,elec_374,local,council,seijiyama.jp
西和賀町長選挙（2017年11月12日投票）結果,岩手県,2017-11-12,elec_375,local,council,seijiyama.jp
一関市長選挙（2017年10月1日投票）結果,岩手県,2017-10-01,elec_376,local,council,seijiyama.jp
遠野市長選挙（2017年10月15日投票）結果,岩手県,2017-10-15,elec_377,local,council,seijiyama.jp
野田村長選挙（2017年2月12日投票）結果,岩手県,2017-02-12,elec_378,local,council,seijiyama.jp
久慈市長選挙（2018年3月18日投票）結果,岩手県,2018-03-18,elec_379,local,council,seijiyama.jp
八幡平市長選挙（2017年9月24日投票）結果,岩手県,2017-09-24,elec_380,local,council,seijiyama.jp
洋野町長選挙（2018年1月21日投票）結果,岩手県,2018-01-21,elec_381,local,council,seijiyama.jp
住田町長選挙（2017年7月23日投票）結果,岩手県,2017-07-23,elec_382,local,council,seijiyama.jp
紫波町長選挙（2018年1月28日投票）結果,岩手県,2018-01-28,elec_383,local,council,seijiyama.jp
田野畑村長選挙（2017年8月6日投票）結果,岩手県,2017-08-06,elec_384,local,council,seijiyama.jp
二戸市長選挙（2018年1月21日投票）結果,岩手県,2018-01-21,elec_385,local,council,seijiyama.jp
金ケ崎町長選挙（2018年3月4日投票）結果,岩手県,2018-03-04,elec_386,local,council,seijiyama.jp
大田市議会議員選挙（2018年4月8日投票）結果,島根県,2018-04-08,elec_387,local,council,seijiyama.jp
邑南町議会議員選挙（2017年4月16日投票）結果,島根県,2017-04-16,elec_388,local,council,seijiyama.jp
松江市議会議員選挙（2017年4月16日投票）結果,島根県,2017-04-16,elec_389,local,council,seijiyama.jp
安来市議会議員選挙（2017年10月29日投票）結果,島根県,2017-10-29,elec_390,local,council,seijiyama.jp
浜田市議会議員選挙（2017年10月15日投票）結果,島根県,2017-10-15,elec_391,local,council,seijiyama.jp
吉賀町議会議員選挙（2017年10月22日投票）結果,島根県,2017-10-22,elec_392,local,council,seijiyama.jp
津和野町長選挙（2017年10月22日投票）結果,島根県,2017-10-22,elec_393,local,council,seijiyama.jp
西ノ島町議会議員選挙（2017年2月12日投票）結果,島根県,2017-02-12,elec_394,local,council,seijiyama.jp
美郷町議会議員選挙（2017年7月23日投票）結果,島根県,2017-07-23,elec_395,local,council,seijiyama.jp
島根県知事選挙（2019年4月7日投票）結果,島根県,2019-04-07,elec_396,local,council,seijiyama.jp
浜田市長選挙（2017年10月15日投票）結果,島根県,2017-10-15,elec_397,local,council,seijiyama.jp
出雲市議会議員選挙（2017年4月9日投票）結果,島根県,2017-04-09,elec_398,local,council,seijiyama.jp
飯南町議会議員選挙（2017年7月23日投票）結果,島根県,2017-07-23,elec_399,local,council,seijiyama.jp
奥出雲町議会議員選挙（2017年4月23日投票）結果,島根県,2017-04-23,elec_400,local,council,seijiyama.jp
隠岐の島町議会議員選挙（2017年4月16日投票）結果,島根県,2017-04-16,elec_401,local,council,seijiyama.jp
出雲市長選挙（2017年4月9日投票）結果,島根県,2017-04-09,elec_402,local,council,seijiyama.jp
松江市長選挙（2017年4月16日投票）結果,島根県,2017-04-16,elec_403,local,council,seijiyama.jp
飯南町長選挙（2017年1月22日投票）結果,島根県,2017-01-22,elec_404,local,council,seijiyama.jp
吉賀町長選挙（2017年10月22日投票）結果,島根県,2017-10-22,elec_405,local,council,seijiyama.jp
大田市長選挙（2017年10月22日投票）結果,島根県,2017-10-22,elec_406,local,council,seijiyama.jp
三原市議会議員選挙（2017年4月16日投票）結果,広島県,2017-04-16,elec_407,local,council,seijiyama.jp
呉市長選挙（2017年11月12日投票）結果,広島県,2017-11-12,elec_408,local,council,seijiyama.jp
江田島市議会議員選挙（2017年10月1日投票）結果,広島県,2017-10-01,elec_409,local,council,seijiyama.jp
東広島市議会議員選挙（2019年4月21日投票）結果,広島県,2019-04-21,elec_410,local,council,seijiyama.jp
大崎上島町議会議員選挙（2017年3月26日投票）結果,広島県,2017-03-26,elec_411,local,council,seijiyama.jp
海田町議会議員選挙（2017年3月26日投票）結果,広島県,2017-03-26,elec_412,local,council,seijiyama.jp
廿日市市議会議員選挙（2017年3月26日投票）結果,広島県,2017-03-26,elec_413,local,council,seijiyama.jp
安芸太田町議会議員選挙（2017年3月26日投票）結果,広島県,2017-03-26,elec_414,local,council,seijiyama.jp
北広島町議会議員選挙（2017年3月5日投票）結果,広島県,2017-03-05,elec_415,local,council,seijiyama.jp
庄原市議会議員選挙（2017年4月9日投票）結果,広島県,2017-04-09,elec_416,local,council,seijiyama.jp
竹原市長選挙（2017年12月24日投票）結果,広島県,2017-12-24,elec_417,local,council,seijiyama.jp
北広島町長選挙（2017年3月5日投票）結果,広島県,2017-03-05,elec_418,local,council,seijiyama.jp
坂町長選挙（2017年1月22日投票）結果,広島県,2017-01-22,elec_419,local,council,seijiyama.jp
三次市長選挙（2019年4月21日投票）結果,広島県,2019-04-21,elec_420,local,council,seijiyama.jp
尾道市長選挙（2019年4月21日投票）結果,広島県,2019-04-21,elec_421,local,council,seijiyama.jp
大崎上島町長選挙（2019年4月21日投票）結果,広島県,2019-04-21,elec_422,local,council,seijiyama.jp
三原市長選挙（2017年4月16日投票）結果,広島県,2017-04-16,elec_423,local,council,seijiyama.jp
広島市長選挙（2019年4月7日投票）結果,広島県,2019-04-07,elec_424,local,council,seijiyama.jp
庄原市長選挙（2017年4月9日投票）結果,広島県,2017-04-09,elec_425,local,council,seijiyama.jp
広島県知事選挙（2017年11月12日投票）結果,広島県,2017-11-12,elec_426,local,council,seijiyama.jp
上板町長選挙（2017年10月1日投票）結果,徳島県,2017-10-01,elec_427,local,council,seijiyama.jp
東みよし町議会議員選挙（2018年4月8日投票）結果,徳島県,2018-04-08,elec_428,local,council,seijiyama.jp
三好市議会議員選挙（2018年4月8日投票）結果,徳島県,2018-04-08,elec_429,local,council,seijiyama.jp
鳴門市議会議員選挙（2017年11月26日投票）結果,徳島県,2017-11-26,elec_430,local,council,seijiyama.jp
阿波市議会議員選挙（2018年3月25日投票）結果,徳島県,2018-03-25,elec_431,local,council,seijiyama.jp
上勝町長選挙（2017年4月16日投票）結果,徳島県,2017-04-16,elec_432,local,council,seijiyama.jp
那賀町議会議員選挙（2017年10月22日投票）結果,徳島県,2017-10-22,elec_433,local,council,seijiyama.jp
勝浦町長選挙（2018年1月28日投票）結果,徳島県,2018-01-28,elec_434,local,council,seijiyama.jp
阿南市議会議員選挙（2017年11月12日投票）結果,徳島県,2017-11-12,elec_435,local,council,seijiyama.jp
三好市長選挙（2017年7月9日投票）結果,徳島県,2017-07-09,elec_436,local,council,seijiyama.jp
つるぎ町長選挙（2017年3月19日投票）結果,徳島県,2017-03-19,elec_437,local,council,seijiyama.jp
北島町長選挙（2018年1月21日投票）結果,徳島県,2018-01-21,elec_438,local,council,seijiyama.jp
吉野川市議会議員選挙（2017年5月14日投票）結果,徳島県,2017-05-14,elec_439,local,council,seijiyama.jp
阿波市長選挙（2017年4月16日投票）結果,徳島県,2017-04-16,elec_440,local,council,seijiyama.jp
松茂町長選挙（2017年7月23日投票）結果,徳島県,2017-07-23,elec_441,local,council,seijiyama.jp
美波町長選挙（2017年7月30日投票）結果,徳島県,2017-07-30,elec_442,local,council,seijiyama.jp
小松島市長選挙（2017年1月22日投票）結果,徳島県,2017-01-22,elec_443,local,council,seijiyama.jp
板野町長選挙（2017年8月6日投票）結果,徳島県,2017-08-06,elec_444,local,council,seijiyama.jp
鳴門市長選挙（2017年11月26日投票）結果,徳島県,2017-11-26,elec_445,local,council,seijiyama.jp
藍住町長選挙（2017年11月19日投票）結果,徳島県,2017-11-19,elec_446,local,council,seijiyama.jp
西条市議会議員選挙（2017年2月19日投票）結果,愛媛県,2017-02-19,elec_447,local,council,seijiyama.jp
宇和島市議会議員選挙（2017年8月27日投票）結果,愛媛県,2017-08-27,elec_448,local,council,seijiyama.jp
四国中央市長選挙（2017年4月23日投票）結果,愛媛県,2017-04-23,elec_449,local,council,seijiyama.jp
砥部町議会議員選挙（2017年1月29日投票）結果,愛媛県,2017-01-29,elec_450,local,council,seijiyama.jp
大洲市議会議員選挙（2017年9月3日投票）結果,愛媛県,2017-09-03,elec_451,local,council,seijiyama.jp
八幡浜市議会議員選挙（2017年8月6日投票）結果,愛媛県,2017-08-06,elec_452,local,council,seijiyama.jp
内子町議会議員選挙（2017年4月23日投票）結果,愛媛県,2017-04-23,elec_453,local,council,seijiyama.jp
伊予市議会議員選挙（2017年4月16日投票）結果,愛媛県,2017-04-16,elec_454,local,council,seijiyama.jp
鬼北町議会議員選挙（2017年4月16日投票）結果,愛媛県,2017-04-16,elec_455,local,council,seijiyama.jp
久万高原町議会議員選挙（2017年4月16日投票）結果,愛媛県,2017-04-16,elec_456,local,council,seijiyama.jp
今治市議会議員選挙（2017年2月5日投票）結果,愛媛県,2017-02-05,elec_457,local,council,seijiyama.jp
伊方町議会議員選挙（2017年4月16日投票）結果,愛媛県,2017-04-16,elec_458,local,council,seijiyama.jp
鬼北町長選挙（2017年4月16日投票）結果,愛媛県,2017-04-16,elec_459,local,council,seijiyama.jp
砥部町長選挙（2017年1月29日投票）結果,愛媛県,2017-01-29,elec_460,local,council,seijiyama.jp
宇和島市長選挙（2017年8月27日投票）結果,愛媛県,2017-08-27,elec_461,local,council,seijiyama.jp
内子町長選挙（2017年1月22日投票）結果,愛媛県,2017-01-22,elec_462,local,council,seijiyama.jp
八幡浜市長選挙（2017年4月16日投票）結果,愛媛県,2017-04-16,elec_463,local,council,seijiyama.jp
伊予市長選挙（2017年4月16日投票）結果,愛媛県,2017-04-16,elec_464,local,council,seijiyama.jp
大洲市長選挙（2017年9月3日投票）結果,愛媛県,2017-09-03,elec_465,local,council,seijiyama.jp
今治市長選挙（2017年2月5日投票）結果,愛媛県,2017-02-05,elec_466,local,council,seijiyama.jp
新城市議会議員選挙（2017年10月29日投票）結果,愛知県,2017-10-29,elec_467,local,council,seijiyama.jp
東海市議会議員選挙（2018年3月25日投票）結果,愛知県,2018-03-25,elec_468,local,council,seijiyama.jp
西尾市長選挙（2017年6月25日投票）結果,愛知県,2017-06-25,elec_469,local,council,seijiyama.jp
西尾市議会議員選挙（2017年6月25日投票）結果,愛知県,2017-06-25,elec_470,local,council,seijiyama.jp
南知多町議会議員選挙（2017年6月25日投票）結果,愛知県,2017-06-25,elec_471,local,council,seijiyama.jp
岩倉市長選挙（2017年1月22日投票）結果,愛知県,2017-01-22,elec_472,local,council,seijiyama.jp
高浜市長選挙（2017年8月27日投票）結果,愛知県,2017-08-27,elec_473,local,council,seijiyama.jp
設楽町長選挙（2017年10月15日投票）結果,愛知県,2017-10-15,elec_474,local,council,seijiyama.jp
大治町長選挙（2017年7月23日投票）結果,愛知県,2017-07-23,elec_475,local,council,seijiyama.jp
名古屋市長選挙（2017年4月23日投票）結果,愛知県,2017-04-23,elec_476,local,council,seijiyama.jp
知多市長選挙（2017年9月24日投票）結果,愛知県,2017-09-24,elec_477,local,council,seijiyama.jp
みよし市長選挙（2017年11月19日投票）結果,愛知県,2017-11-19,elec_478,local,council,seijiyama.jp
新城市長選挙（2017年10月29日投票）結果,愛知県,2017-10-29,elec_479,local,council,seijiyama.jp
蟹江町長選挙（2017年3月26日投票）結果,愛知県,2017-03-26,elec_480,local,council,seijiyama.jp
半田市長選挙（2017年6月4日投票）結果,愛知県,2017-06-04,elec_481,local,council,seijiyama.jp
愛西市長選挙（2017年4月23日投票）結果,愛知県,2017-04-23,elec_482,local,council,seijiyama.jp
武豊町長選挙（2017年4月23日投票）結果,愛知県,2017-04-23,elec_483,local,council,seijiyama.jp
清須市長選挙（2017年7月23日投票）結果,愛知県,2017-07-23,elec_484,local,council,seijiyama.jp
大口町長選挙（2017年10月22日投票）結果,愛知県,2017-10-22,elec_485,local,council,seijiyama.jp
東海市長選挙（2017年4月23日投票）結果,愛知県,2017-04-23,elec_486,local,council,seijiyama.jp
胎内市長選挙（2017年9月17日投票）結果,新潟県,2017-09-17,elec_487,local,council,seijiyama.jp
出雲崎町議会議員選挙（2017年5月21日投票）結果,新潟県,2017-05-21,elec_488,local,council,seijiyama.jp
上越市長選挙（2017年10月22日投票）結果,新潟県,2017-10-22,elec_489,local,council,seijiyama.jp
糸魚川市議会議員選挙（2017年4月16日投票）結果,新潟県,2017-04-16,elec_490,local,council,seijiyama.jp
南魚沼市議会議員選挙（2017年10月22日投票）結果,新潟県,2017-10-22,elec_491,local,council,seijiyama.jp
阿賀町議会議員選挙（2017年4月23日投票）結果,新潟県,2017-04-23,elec_492,local,council,seijiyama.jp
五泉市長選挙（2018年1月21日投票）結果,新潟県,2018-01-21,elec_493,local,council,seijiyama.jp
魚沼市議会議員選挙（2017年6月25日投票）結果,新潟県,2017-06-25,elec_494,local,council,seijiyama.jp
関川村長選挙（2017年12月17日投票）結果,新潟県,2017-12-17,elec_495,local,council,seijiyama.jp
津南町長選挙（2018年6月24日投票）結果,新潟県,2018-06-24,elec_496,local,council,seijiyama.jp
糸魚川市長選挙（2017年4月16日投票）結果,新潟県,2017-04-16,elec_497,local,council,seijiyama.jp
十日町市議会議員選挙（2017年4月23日投票）結果,新潟県,2017-04-23,elec_498,local,council,seijiyama.jp
弥彦村長選挙（2019年1月27日投票）結果,新潟県,2019-01-27,elec_499,local,council,seijiyama.jp
五泉市議会議員補欠選挙（2018年1月21日投票）結果,新潟県,2018-01-21,elec_500,local,council,seijiyama.jp
十日町市長選挙（2017年4月23日投票）結果,新潟県,2017-04-23,elec_501,local,council,seijiyama.jp
新潟県知事選挙（2018年6月10日投票）結果,新潟県,2018-06-10,elec_502,local,council,seijiyama.jp
湯沢町長選挙（2017年12月3日投票）結果,新潟県,2017-12-03,elec_503,local,council,seijiyama.jp
胎内市議会議員補欠選挙（2017年9月17日投票）結果,新潟県,2017-09-17,elec_504,local,council,seijiyama.jp
葛飾区議会議員選挙（2017年11月12日投票）結果,東京都,2017-11-12,elec_505,local,council,seijiyama.jp
小金井市議会議員選挙（2017年3月26日投票）結果,東京都,2017-03-26,elec_506,local,council,seijiyama.jp
町田市議会議員選挙（2018年2月25日投票）結果,東京都,2018-02-25,elec_507,local,council,seijiyama.jp
千代田区長選挙（2017年2月5日投票）結果,東京都,2017-02-05,elec_508,local,council,seijiyama.jp
東久留米市長選挙（2017年12月24日投票）結果,東京都,2017-12-24,elec_509,local,council,seijiyama.jp
羽村市長選挙（2017年3月26日投票）結果,東京都,2017-03-26,elec_510,local,council,seijiyama.jp
西東京市長選挙（2017年2月5日投票）結果,東京都,2017-02-05,elec_511,local,council,seijiyama.jp
国分寺市長選挙（2017年7月2日投票）結果,東京都,2017-07-02,elec_512,local,council,seijiyama.jp
新島村議会議員補欠選挙（2017年9月10日投票）結果,東京都,2017-09-10,elec_513,local,council,seijiyama.jp
利島村長選挙（2017年11月12日投票）結果,東京都,2017-11-12,elec_514,local,council,seijiyama.jp
日野市長選挙（2017年4月16日投票）結果,東京都,2017-04-16,elec_515,local,council,seijiyama.jp
小平市長選挙（2017年4月9日投票）結果,東京都,2017-04-09,elec_516,local,council,seijiyama.jp
青ヶ島村議会議員選挙（2017年9月3日投票）結果,東京都,2017-09-03,elec_517,local,council,seijiyama.jp
町田市長選挙（2018年2月25日投票）結果,東京都,2018-02-25,elec_518,local,council,seijiyama.jp
葛飾区長選挙（2017年11月12日投票）結果,東京都,2017-11-12,elec_519,local,council,seijiyama.jp
瑞穂町長選挙（2017年4月23日投票）結果,東京都,2017-04-23,elec_520,local,council,seijiyama.jp
武蔵野市長選挙（2017年10月1日投票）結果,東京都,2017-10-01,elec_521,local,council,seijiyama.jp
日の出町長選挙（2018年3月25日投票）結果,東京都,2018-03-25,elec_522,local,council,seijiyama.jp
青ヶ島村長選挙（2017年9月3日投票）結果,東京都,2017-09-03,elec_523,local,council,seijiyama.jp
塩谷町議会議員選挙（2017年4月16日投票）結果,栃木県,2017-04-16,elec_524,local,council,seijiyama.jp
足利市議会議員補欠選挙（2017年4月23日投票）結果,栃木県,2017-04-23,elec_525,local,council,seijiyama.jp
壬生町議会議員選挙（2018年3月25日投票）結果,栃木県,2018-03-25,elec_526,local,council,seijiyama.jp
那須塩原市議会議員選挙（2017年4月23日投票）結果,栃木県,2017-04-23,elec_527,local,council,seijiyama.jp
佐野市議会議員選挙（2017年4月9日投票）結果,栃木県,2017-04-09,elec_528,local,council,seijiyama.jp
那珂川町議会議員補欠選挙（2017年10月29日投票）結果,栃木県,2017-10-29,elec_529,local,council,seijiyama.jp
真岡市長選挙（2017年4月23日投票）結果,栃木県,2017-04-23,elec_530,local,council,seijiyama.jp
市貝町長選挙（2017年11月12日投票）結果,栃木県,2017-11-12,elec_531,local,council,seijiyama.jp
高根沢町長選挙（2017年3月26日投票）結果,栃木県,2017-03-26,elec_532,local,council,seijiyama.jp
足利市長選挙（2017年4月23日投票）結果,栃木県,2017-04-23,elec_533,local,council,seijiyama.jp
那須烏山市長選挙（2017年10月22日投票）結果,栃木県,2017-10-22,elec_534,local,council,seijiyama.jp
那須町長選挙（2018年3月25日投票）結果,栃木県,2018-03-25,elec_535,local,council,seijiyama.jp
壬生町長選挙（2018年3月25日投票）結果,栃木県,2018-03-25,elec_536,local,council,seijiyama.jp
佐野市長選挙（2017年4月9日投票）結果,栃木県,2017-04-09,elec_537,local,council,seijiyama.jp
下野市長選挙（2018年7月8日投票）結果,栃木県,2018-07-08,elec_538,local,council,seijiyama.jp
大田原市長選挙（2018年3月25日投票）結果,栃木県,2018-03-25,elec_539,local,council,seijiyama.jp
さくら市長選挙（2017年4月16日投票）結果,栃木県,2017-04-16,elec_540,local,council,seijiyama.jp
高根沢町議会議員補欠選挙（2017年3月26日投票）結果,栃木県,2017-03-26,elec_541,local,council,seijiyama.jp
那珂川町長選挙（2017年10月29日投票）結果,栃木県,2017-10-29,elec_542,local,council,seijiyama.jp
本部町議会議員選挙（2017年3月5日投票）結果,沖縄県,2017-03-05,elec_543,local,council,seijiyama.jp
那覇市議会議員選挙（2017年7月9日投票）結果,沖縄県,2017-07-09,elec_544,local,council,seijiyama.jp
糸満市議会議員選挙（2017年11月19日投票）結果,沖縄県,2017-11-19,elec_545,local,council,seijiyama.jp
渡名喜村長選挙（2017年10月15日投票）結果,沖縄県,2017-10-15,elec_546,local,council,seijiyama.jp
浦添市議会議員選挙（2017年2月12日投票）結果,沖縄県,2017-02-12,elec_547,local,council,seijiyama.jp
宮古島市長選挙（2017年1月22日投票）結果,沖縄県,2017-01-22,elec_548,local,council,seijiyama.jp
多良間村長選挙（2017年6月25日投票）結果,沖縄県,2017-06-25,elec_549,local,council,seijiyama.jp
与那国町長選挙（2017年8月6日投票）結果,沖縄県,2017-08-06,elec_550,local,council,seijiyama.jp
石垣市長選挙（2018年3月11日投票）結果,沖縄県,2018-03-11,elec_551,local,council,seijiyama.jp
伊江村長選挙（2017年4月16日投票）結果,沖縄県,2017-04-16,elec_552,local,council,seijiyama.jp
嘉手納町議会議員選挙（2017年1月15日投票）結果,沖縄県,2017-01-15,elec_553,local,council,seijiyama.jp
伊平屋村長選挙（2017年8月27日投票）結果,沖縄県,2017-08-27,elec_554,local,council,seijiyama.jp
北谷町長選挙（2017年11月19日投票）結果,沖縄県,2017-11-19,elec_555,local,council,seijiyama.jp
浦添市長選挙（2017年2月12日投票）結果,沖縄県,2017-02-12,elec_556,local,council,seijiyama.jp
南城市長選挙（2018年1月21日投票）結果,沖縄県,2018-01-21,elec_557,local,council,seijiyama.jp
八重瀬町長選挙（2018年1月28日投票）結果,沖縄県,2018-01-28,elec_558,local,council,seijiyama.jp
座間味村長選挙（2017年5月14日投票）結果,沖縄県,2017-05-14,elec_559,local,council,seijiyama.jp
うるま市長選挙（2017年4月23日投票）結果,沖縄県,2017-04-23,elec_560,local,council,seijiyama.jp
名護市長選挙（2018年2月4日投票）結果,沖縄県,2018-02-04,elec_561,local,council,seijiyama.jp
読谷村長選挙（2018年2月18日投票）結果,沖縄県,2018-02-18,elec_562,local,council,seijiyama.jp
甲賀市議会議員選挙（2017年10月22日投票）結果,滋賀県,2017-10-22,elec_563,local,council,seijiyama.jp
高島市議会議員選挙（2017年1月29日投票）結果,滋賀県,2017-01-29,elec_564,local,council,seijiyama.jp
湖南市議会議員選挙（2017年10月22日投票）結果,滋賀県,2017-10-22,elec_565,local,council,seijiyama.jp
長浜市長選挙（2018年2月25日投票）結果,滋賀県,2018-02-25,elec_566,local,council,seijiyama.jp
愛荘町議会議員選挙（2018年2月25日投票）結果,滋賀県,2018-02-25,elec_567,local,council,seijiyama.jp
米原市議会議員選挙（2017年10月22日投票）結果,滋賀県,2017-10-22,elec_568,local,council,seijiyama.jp
野洲市議会議員選挙（2017年10月22日投票）結果,滋賀県,2017-10-22,elec_569,local,council,seijiyama.jp
東近江市議会議員選挙（2017年10月22日投票）結果,滋賀県,2017-10-22,elec_570,local,council,seijiyama.jp
守山市議会議員補欠選挙（2019年1月27日投票）結果,滋賀県,2019-01-27,elec_571,local,council,seijiyama.jp
豊郷町長選挙（2019年4月21日投票）結果,滋賀県,2019-04-21,elec_572,local,council,seijiyama.jp
彦根市長選挙（2017年4月23日投票）結果,滋賀県,2017-04-23,elec_573,local,council,seijiyama.jp
甲良町長選挙（2017年10月29日投票）結果,滋賀県,2017-10-29,elec_574,local,council,seijiyama.jp
愛荘町長選挙（2018年2月25日投票）結果,滋賀県,2018-02-25,elec_575,local,council,seijiyama.jp
守山市長選挙（2019年1月27日投票）結果,滋賀県,2019-01-27,elec_576,local,council,seijiyama.jp
東近江市長選挙（2017年2月5日投票）結果,滋賀県,2017-02-05,elec_577,local,council,seijiyama.jp
米原市長選挙（2017年2月19日投票）結果,滋賀県,2017-02-19,elec_578,local,council,seijiyama.jp
高島市長選挙（2017年1月29日投票）結果,滋賀県,2017-01-29,elec_579,local,council,seijiyama.jp
大津町議会議員選挙（2017年2月5日投票）結果,熊本県,2017-02-05,elec_580,local,council,seijiyama.jp
南阿蘇村議会議員選挙（2017年2月26日投票）結果,熊本県,2017-02-26,elec_581,local,council,seijiyama.jp
山鹿市長選挙（2017年1月29日投票）結果,熊本県,2017-01-29,elec_582,local,council,seijiyama.jp
八代市長選挙（2017年8月27日投票）結果,熊本県,2017-08-27,elec_583,local,council,seijiyama.jp
長洲町長選挙（2017年4月23日投票）結果,熊本県,2017-04-23,elec_584,local,council,seijiyama.jp
山鹿市議会議員選挙（2017年1月29日投票）結果,熊本県,2017-01-29,elec_585,local,council,seijiyama.jp
阿蘇市長選挙（2017年2月19日投票）結果,熊本県,2017-02-19,elec_586,local,council,seijiyama.jp
南関町長選挙（2018年2月25日投票）結果,熊本県,2018-02-25,elec_587,local,council,seijiyama.jp
上天草市議会議員選挙（2017年4月23日投票）結果,熊本県,2017-04-23,elec_588,local,council,seijiyama.jp
玉東町長選挙（2017年1月22日投票）結果,熊本県,2017-01-22,elec_589,local,council,seijiyama.jp
南阿蘇村長選挙（2017年2月26日投票）結果,熊本県,2017-02-26,elec_590,local,council,seijiyama.jp
多良木町長選挙（2017年2月5日投票）結果,熊本県,2017-02-05,elec_591,local,council,seijiyama.jp
宇城市長選挙（2017年2月5日投票）結果,熊本県,2017-02-05,elec_592,local,council,seijiyama.jp
大津町長選挙（2017年2月5日投票）結果,熊本県,2017-02-05,elec_593,local,council,seijiyama.jp
荒尾市長選挙（2017年2月5日投票）結果,熊本県,2017-02-05,elec_594,local,council,seijiyama.jp
山都町長選挙（2017年2月26日投票）結果,熊本県,2017-02-26,elec_595,local,council,seijiyama.jp
玉名市長選挙（2017年10月22日投票）結果,熊本県,2017-10-22,elec_596,local,council,seijiyama.jp
菊池市長選挙（2017年4月9日投票）結果,熊本県,2017-04-09,elec_597,local,council,seijiyama.jp
合志市長選挙（2018年3月18日投票）結果,熊本県,2018-03-18,elec_598,local,council,seijiyama.jp
水俣市長選挙（2018年2月4日投票）結果,熊本県,2018-02-04,elec_599,local,council,seijiyama.jp
加賀市議会議員選挙（2017年10月1日投票）結果,石川県,2017-10-01,elec_600,local,council,seijiyama.jp
羽咋市議会議員選挙（2017年9月3日投票）結果,石川県,2017-09-03,elec_601,local,council,seijiyama.jp
中能登町長選挙（2017年3月19日投票）結果,石川県,2017-03-19,elec_602,local,council,seijiyama.jp
七尾市議会議員選挙（2017年10月22日投票）結果,石川県,2017-10-22,elec_603,local,council,seijiyama.jp
白山市議会議員選挙（2017年2月26日投票）結果,石川県,2017-02-26,elec_604,local,council,seijiyama.jp
かほく市議会議員選挙（2017年4月16日投票）結果,石川県,2017-04-16,elec_605,local,council,seijiyama.jp
能美市長選挙（2017年2月5日投票）結果,石川県,2017-02-05,elec_606,local,council,seijiyama.jp
能美市議会議員選挙（2017年10月22日投票）結果,石川県,2017-10-22,elec_607,local,council,seijiyama.jp
宝達志水町長選挙（2017年3月19日投票）結果,石川県,2017-03-19,elec_608,local,council,seijiyama.jp
内灘町長選挙（2017年1月22日投票）結果,石川県,2017-01-22,elec_609,local,council,seijiyama.jp
小松市長選挙（2017年3月26日投票）結果,石川県,2017-03-26,elec_610,local,council,seijiyama.jp
宝達志水町議会議員補欠選挙（2017年3月19日投票）結果,石川県,2017-03-19,elec_611,local,council,seijiyama.jp
中能登町議会議員補欠選挙（2017年3月19日投票）結果,石川県,2017-03-19,elec_612,local,council,seijiyama.jp
加賀市長選挙（2017年10月1日投票）結果,石川県,2017-10-01,elec_613,local,council,seijiyama.jp
石川県知事選挙（2018年3月11日投票）結果,石川県,2018-03-11,elec_614,local,council,seijiyama.jp
志賀町長選挙（2017年9月10日投票）結果,石川県,2017-09-10,elec_615,local,council,seijiyama.jp
能登町長選挙（2017年3月26日投票）結果,石川県,2017-03-26,elec_616,local,council,seijiyama.jp
輪島市長選挙（2018年3月11日投票）結果,石川県,2018-03-11,elec_617,local,council,seijiyama.jp
穴水町長選挙（2018年1月21日投票）結果,石川県,2018-01-21,elec_618,local,council,seijiyama.jp
横須賀市長選挙（2017年6月25日投票）結果,神奈川県,2017-06-25,elec_619,local,council,seijiyama.jp
逗子市議会議員選挙（2018年3月25日投票）結果,神奈川県,2018-03-25,elec_620,local,council,seijiyama.jp
横須賀市議会議員補欠選挙（2017年6月25日投票）結果,神奈川県,2017-06-25,elec_621,local,council,seijiyama.jp
寒川町議会議員選挙（2017年2月19日投票）結果,神奈川県,2017-02-19,elec_622,local,council,seijiyama.jp
鎌倉市議会議員選挙（2017年4月23日投票）結果,神奈川県,2017-04-23,elec_623,local,council,seijiyama.jp
横浜市長選挙（2017年7月30日投票）結果,神奈川県,2017-07-30,elec_624,local,council,seijiyama.jp
真鶴町議会議員選挙（2017年9月24日投票）結果,神奈川県,2017-09-24,elec_625,local,council,seijiyama.jp
箱根町議会議員選挙（2017年9月24日投票）結果,神奈川県,2017-09-24,elec_626,local,council,seijiyama.jp
秦野市長選挙（2018年1月21日投票）結果,神奈川県,2018-01-21,elec_627,local,council,seijiyama.jp
川崎市長選挙（2017年10月22日投票）結果,神奈川県,2017-10-22,elec_628,local,council,seijiyama.jp
三浦市長選挙（2017年6月18日投票）結果,神奈川県,2017-06-18,elec_629,local,council,seijiyama.jp
神奈川県知事選挙（2019年4月7日投票）結果,神奈川県,2019-04-07,elec_630,local,council,seijiyama.jp
清川村議会議員選挙（2017年4月23日投票）結果,神奈川県,2017-04-23,elec_631,local,council,seijiyama.jp
横浜市議会議員補欠選挙（緑区選挙区）（2017年7月30日投票）結果,神奈川県,2017-07-30,elec_632,local,council,seijiyama.jp
大井町長選挙（2018年12月9日投票）結果,神奈川県,2018-12-09,elec_633,local,council,seijiyama.jp
開成町長選挙（2019年4月21日投票）結果,神奈川県,2019-04-21,elec_634,local,council,seijiyama.jp
鎌倉市長選挙（2017年10月22日投票）結果,神奈川県,2017-10-22,elec_635,local,council,seijiyama.jp
逗子市長選挙（2018年12月16日投票）結果,神奈川県,2018-12-16,elec_636,local,council,seijiyama.jp
川崎市議会議員補欠選挙（川崎区選挙区）（2017年10月22日投票）結果,神奈川県,2017-10-22,elec_637,local,council,seijiyama.jp
松田町長選挙（2017年9月10日投票）結果,神奈川県,2017-09-10,elec_638,local,council,seijiyama.jp
おおい町長選挙（2018年3月25日投票）結果,福井県,2018-03-25,elec_639,local,council,seijiyama.jp
大野市議会議員選挙（2019年2月17日投票）結果,福井県,2019-02-17,elec_640,local,council,seijiyama.jp
池田町議会議員補欠選挙（2017年1月22日投票）結果,福井県,2017-01-22,elec_641,local,council,seijiyama.jp
あわら市議会議員選挙（2017年6月18日投票）結果,福井県,2017-06-18,elec_642,local,council,seijiyama.jp
越前市議会議員選挙（2018年7月8日投票）結果,福井県,2018-07-08,elec_643,local,council,seijiyama.jp
若狭町長選挙（2017年4月16日投票）結果,福井県,2017-04-16,elec_644,local,council,seijiyama.jp
あわら市長選挙（2018年2月4日投票）結果,福井県,2018-02-04,elec_645,local,council,seijiyama.jp
若狭町議会議員選挙（2017年4月16日投票）結果,福井県,2017-04-16,elec_646,local,council,seijiyama.jp
美浜町議会議員選挙（2018年3月4日投票）結果,福井県,2018-03-04,elec_647,local,council,seijiyama.jp
越前町議会議員選挙（2017年3月5日投票）結果,福井県,2017-03-05,elec_648,local,council,seijiyama.jp
越前町長選挙（2017年3月5日投票）結果,福井県,2017-03-05,elec_649,local,council,seijiyama.jp
坂井市長選挙（2018年4月15日投票）結果,福井県,2018-04-15,elec_650,local,council,seijiyama.jp
越前市長選挙（2017年10月22日投票）結果,福井県,2017-10-22,elec_651,local,council,seijiyama.jp
南越前町長選挙（2017年1月29日投票）結果,福井県,2017-01-29,elec_652,local,council,seijiyama.jp
美浜町長選挙（2019年2月24日投票）結果,福井県,2019-02-24,elec_653,local,council,seijiyama.jp
池田町長選挙（2017年1月22日投票）結果,福井県,2017-01-22,elec_654,local,council,seijiyama.jp
福井県知事選挙（2019年4月7日投票）結果,福井県,2019-04-07,elec_655,local,council,seijiyama.jp
永平寺町長選挙（2018年2月25日投票）結果,福井県,2018-02-25,elec_656,local,council,seijiyama.jp
大野市長選挙（2018年6月17日投票）結果,福井県,2018-06-17,elec_657,local,council,seijiyama.jp
那珂川町議会議員選挙（2017年3月26日投票）結果,福岡県,2017-03-26,elec_658,local,council,seijiyama.jp
香春町議会議員選挙（2017年3月19日投票）結果,福岡県,2017-03-19,elec_659,local,council,seijiyama.jp
大野城市長選挙（2017年9月3日投票）結果,福岡県,2017-09-03,elec_660,local,council,seijiyama.jp
宗像市長選挙（2018年4月22日投票）結果,福岡県,2018-04-22,elec_661,local,council,seijiyama.jp
小郡市長選挙（2017年4月23日投票）結果,福岡県,2017-04-23,elec_662,local,council,seijiyama.jp
福津市長選挙（2017年2月5日投票）結果,福岡県,2017-02-05,elec_663,local,council,seijiyama.jp
久留米市長選挙（2018年1月21日投票）結果,福岡県,2018-01-21,elec_664,local,council,seijiyama.jp
宇美町長選挙（2018年2月25日投票）結果,福岡県,2018-02-25,elec_665,local,council,seijiyama.jp
飯塚市長選挙（2017年2月26日投票）結果,福岡県,2017-02-26,elec_666,local,council,seijiyama.jp
行橋市長選挙（2018年2月25日投票）結果,福岡県,2018-02-25,elec_667,local,council,seijiyama.jp
豊前市長選挙（2017年4月16日投票）結果,福岡県,2017-04-16,elec_668,local,council,seijiyama.jp
鞍手町長選挙（2017年1月22日投票）結果,福岡県,2017-01-22,elec_669,local,council,seijiyama.jp
宮若市長選挙（2018年3月11日投票）結果,福岡県,2018-03-11,elec_670,local,council,seijiyama.jp
水巻町長選挙（2017年10月29日投票）結果,福岡県,2017-10-29,elec_671,local,council,seijiyama.jp
中間市長選挙（2017年6月18日投票）結果,福岡県,2017-06-18,elec_672,local,council,seijiyama.jp
筑前町長選挙（2017年4月16日投票）結果,福岡県,2017-04-16,elec_673,local,council,seijiyama.jp
筑後市長選挙（2017年11月19日投票）結果,福岡県,2017-11-19,elec_674,local,council,seijiyama.jp
柳川市長選挙（2017年4月16日投票）結果,福岡県,2017-04-16,elec_675,local,council,seijiyama.jp
糸島市長選挙（2018年1月28日投票）結果,福岡県,2018-01-28,elec_676,local,council,seijiyama.jp
二本松市長選挙（2017年11月26日投票）結果,福島県,2017-11-26,elec_677,local,council,seijiyama.jp
下郷町長選挙（2017年9月24日投票）結果,福島県,2017-09-24,elec_678,local,council,seijiyama.jp
伊達市長選挙（2018年1月28日投票）結果,福島県,2018-01-28,elec_679,local,council,seijiyama.jp
双葉町長選挙（2017年1月29日投票）結果,福島県,2017-01-29,elec_680,local,council,seijiyama.jp
西会津町長選挙（2017年7月9日投票）結果,福島県,2017-07-09,elec_681,local,council,seijiyama.jp
西郷村長選挙（2018年2月25日投票）結果,福島県,2018-02-25,elec_682,local,council,seijiyama.jp
川俣町長選挙（2017年2月26日投票）結果,福島県,2017-02-26,elec_683,local,council,seijiyama.jp
田村市長選挙（2017年4月9日投票）結果,福島県,2017-04-09,elec_684,local,council,seijiyama.jp
楢葉町議会議員選挙（2017年8月6日投票）結果,福島県,2017-08-06,elec_685,local,council,seijiyama.jp
郡山市長選挙（2017年4月16日投票）結果,福島県,2017-04-16,elec_686,local,council,seijiyama.jp
小野町長選挙（2017年3月12日投票）結果,福島県,2017-03-12,elec_687,local,council,seijiyama.jp
大玉村長選挙（2017年7月30日投票）結果,福島県,2017-07-30,elec_688,local,council,seijiyama.jp
いわき市長選挙（2017年9月10日投票）結果,福島県,2017-09-10,elec_689,local,council,seijiyama.jp
福島市長選挙（2017年11月19日投票）結果,福島県,2017-11-19,elec_690,local,council,seijiyama.jp
双葉町議会議員選挙（2017年1月29日投票）結果,福島県,2017-01-29,elec_691,local,council,seijiyama.jp
会津坂下町長選挙（2017年6月11日投票）結果,福島県,2017-06-11,elec_692,local,council,seijiyama.jp
南相馬市長選挙（2018年1月21日投票）結果,福島県,2018-01-21,elec_693,local,council,seijiyama.jp
会津美里町長選挙（2017年10月29日投票）結果,福島県,2017-10-29,elec_694,local,council,seijiyama.jp
相馬市長選挙（2017年12月24日投票）結果,福島県,2017-12-24,elec_695,local,council,seijiyama.jp
喜多方市長選挙（2018年1月28日投票）結果,福島県,2018-01-28,elec_696,local,council,seijiyama.jp
八郎潟町議会議員選挙（2017年2月5日投票）結果,秋田県,2017-02-05,elec_697,local,council,seijiyama.jp
鹿角市議会議員選挙（2017年3月12日投票）結果,秋田県,2017-03-12,elec_698,local,council,seijiyama.jp
潟上市長選挙（2017年4月9日投票）結果,秋田県,2017-04-09,elec_699,local,council,seijiyama.jp
秋田市長選挙（2017年4月9日投票）結果,秋田県,2017-04-09,elec_700,local,council,seijiyama.jp
湯沢市議会議員選挙（2017年10月22日投票）結果,秋田県,2017-10-22,elec_701,local,council,seijiyama.jp
横手市長選挙（2017年10月15日投票）結果,秋田県,2017-10-15,elec_702,local,council,seijiyama.jp
五城目町長選挙（2017年2月19日投票）結果,秋田県,2017-02-19,elec_703,local,council,seijiyama.jp
秋田県知事選挙（2017年4月9日投票）結果,秋田県,2017-04-09,elec_704,local,council,seijiyama.jp
横手市議会議員選挙（2017年10月15日投票）結果,秋田県,2017-10-15,elec_705,local,council,seijiyama.jp
男鹿市長選挙（2017年4月9日投票）結果,秋田県,2017-04-09,elec_706,local,council,seijiyama.jp
鹿角市長選挙（2017年6月25日投票）結果,秋田県,2017-06-25,elec_707,local,council,seijiyama.jp
羽後町長選挙（2017年4月9日投票）結果,秋田県,2017-04-09,elec_708,local,council,seijiyama.jp
小坂町長選挙（2017年4月9日投票）結果,秋田県,2017-04-09,elec_709,local,council,seijiyama.jp
にかほ市長選挙（2017年10月29日投票）結果,秋田県,2017-10-29,elec_710,local,council,seijiyama.jp
大仙市長選挙（2017年4月9日投票）結果,秋田県,2017-04-09,elec_711,local,council,seijiyama.jp
北秋田市長選挙（2017年4月9日投票）結果,秋田県,2017-04-09,elec_712,local,council,seijiyama.jp
湯沢市長選挙（2017年4月9日投票）結果,秋田県,2017-04-09,elec_713,local,council,seijiyama.jp
由利本荘市長選挙（2017年4月9日投票）結果,秋田県,2017-04-09,elec_714,local,council,seijiyama.jp
仙北市長選挙（2017年10月15日投票）結果,秋田県,2017-10-15,elec_715,local,council,seijiyama.jp
北茨城市議会議員選挙（2017年3月26日投票）結果,茨城県,2017-03-26,elec_716,local,council,seijiyama.jp
龍ケ崎市長選挙（2017年12月24日投票）結果,茨城県,2017-12-24,elec_717,local,council,seijiyama.jp
境町議会議員選挙（2017年6月25日投票）結果,茨城県,2017-06-25,elec_718,local,council,seijiyama.jp
利根町長選挙（2017年7月2日投票）結果,茨城県,2017-07-02,elec_719,local,council,seijiyama.jp
石岡市長選挙（2017年10月22日投票）結果,茨城県,2017-10-22,elec_720,local,council,seijiyama.jp
神栖市長選挙（2017年11月19日投票）結果,茨城県,2017-11-19,elec_721,local,council,seijiyama.jp
阿見町長選挙（2018年2月18日投票）結果,茨城県,2018-02-18,elec_722,local,council,seijiyama.jp
坂東市長選挙（2017年4月2日投票）結果,茨城県,2017-04-02,elec_723,local,council,seijiyama.jp
常陸太田市長選挙（2017年5月14日投票）結果,茨城県,2017-05-14,elec_724,local,council,seijiyama.jp
茨城県知事選挙（2017年8月27日投票）結果,茨城県,2017-08-27,elec_725,local,council,seijiyama.jp
桜川市長選挙（2017年10月22日投票）結果,茨城県,2017-10-22,elec_726,local,council,seijiyama.jp
高萩市長選挙（2018年2月4日投票）結果,茨城県,2018-02-04,elec_727,local,council,seijiyama.jp
鉾田市長選挙（2017年10月22日投票）結果,茨城県,2017-10-22,elec_728,local,council,seijiyama.jp
行方市長選挙（2017年9月10日投票）結果,茨城県,2017-09-10,elec_729,local,council,seijiyama.jp
東海村長選挙（2017年8月27日投票）結果,茨城県,2017-08-27,elec_730,local,council,seijiyama.jp
稲敷市長選挙（2017年4月16日投票）結果,茨城県,2017-04-16,elec_731,local,council,seijiyama.jp
境町長選挙（2018年2月4日投票）結果,茨城県,2018-02-04,elec_732,local,council,seijiyama.jp
河内町長選挙（2017年5月14日投票）結果,茨城県,2017-05-14,elec_733,local,council,seijiyama.jp
下妻市長選挙（2018年3月25日投票）結果,茨城県,2018-03-25,elec_734,local,council,seijiyama.jp
筑西市長選挙（2017年4月9日投票）結果,茨城県,2017-04-09,elec_735,local,council,seijiyama.jp
平戸市議会議員選挙（2017年10月22日投票）結果,長崎県,2017-10-22,elec_736,local,council,seijiyama.jp
五島市議会議員選挙（2017年2月5日投票）結果,長崎県,2017-02-05,elec_737,local,council,seijiyama.jp
雲仙市議会議員選挙（2017年10月22日投票）結果,長崎県,2017-10-22,elec_738,local,council,seijiyama.jp
対馬市議会議員選挙（2017年5月21日投票）結果,長崎県,2017-05-21,elec_739,local,council,seijiyama.jp
諫早市議会議員選挙（2017年3月26日投票）結果,長崎県,2017-03-26,elec_740,local,council,seijiyama.jp
西海市議会議員選挙（2017年4月23日投票）結果,長崎県,2017-04-23,elec_741,local,council,seijiyama.jp
壱岐市議会議員選挙（2017年7月30日投票）結果,長崎県,2017-07-30,elec_742,local,council,seijiyama.jp
新上五島町議会議員選挙（2017年4月16日投票）結果,長崎県,2017-04-16,elec_743,local,council,seijiyama.jp
長崎県知事選挙（2018年2月4日投票）結果,長崎県,2018-02-04,elec_744,local,council,seijiyama.jp
松浦市議会議員選挙（2018年1月21日投票）結果,長崎県,2018-01-21,elec_745,local,council,seijiyama.jp
諫早市長選挙（2017年3月26日投票）結果,長崎県,2017-03-26,elec_746,local,council,seijiyama.jp
松浦市長選挙（2018年1月21日投票）結果,長崎県,2018-01-21,elec_747,local,council,seijiyama.jp
佐々町長選挙（2017年6月18日投票）結果,長崎県,2017-06-18,elec_748,local,council,seijiyama.jp
長崎市長選挙（2019年4月21日投票）結果,長崎県,2019-04-21,elec_749,local,council,seijiyama.jp
佐々町議会議員選挙（2017年6月18日投票）結果,長崎県,2017-06-18,elec_750,local,council,seijiyama.jp
西海市長選挙（2017年4月23日投票）結果,長崎県,2017-04-23,elec_751,local,council,seijiyama.jp
南島原市長選挙（2018年6月10日投票）結果,長崎県,2018-06-10,elec_752,local,council,seijiyama.jp
平戸市長選挙（2017年10月22日投票）結果,長崎県,2017-10-22,elec_753,local,council,seijiyama.jp
生坂村議会議員選挙（2017年4月30日投票）結果,長野県,2017-04-30,elec_754,local,council,seijiyama.jp
飯島町議会議員選挙（2017年3月26日投票）結果,長野県,2017-03-26,elec_755,local,council,seijiyama.jp
佐久市議会議員選挙（2017年4月16日投票）結果,長野県,2017-04-16,elec_756,local,council,seijiyama.jp
上田市議会議員選挙（2018年3月25日投票）結果,長野県,2018-03-25,elec_757,local,council,seijiyama.jp
野沢温泉村議会議員選挙（2017年3月26日投票）結果,長野県,2017-03-26,elec_758,local,council,seijiyama.jp
佐久穂町議会議員選挙（2017年4月9日投票）結果,長野県,2017-04-09,elec_759,local,council,seijiyama.jp
信濃町議会議員選挙（2017年3月26日投票）結果,長野県,2017-03-26,elec_760,local,council,seijiyama.jp
佐久穂町長選挙（2017年4月9日投票）結果,長野県,2017-04-09,elec_761,local,council,seijiyama.jp
長野市長選挙（2017年10月29日投票）結果,長野県,2017-10-29,elec_762,local,council,seijiyama.jp
南箕輪村長選挙（2017年4月9日投票）結果,長野県,2017-04-09,elec_763,local,council,seijiyama.jp
上松町長選挙（2017年3月26日投票）結果,長野県,2017-03-26,elec_764,local,council,seijiyama.jp
中川村長選挙（2017年4月23日投票）結果,長野県,2017-04-23,elec_765,local,council,seijiyama.jp
高山村議会議員選挙（2017年9月24日投票）結果,長野県,2017-09-24,elec_766,local,council,seijiyama.jp
野沢温泉村長選挙（2017年3月26日投票）結果,長野県,2017-03-26,elec_767,local,council,seijiyama.jp
平谷村長選挙（2017年1月22日投票）結果,長野県,2017-01-22,elec_768,local,council,seijiyama.jp
山形村長選挙（2017年2月19日投票）結果,長野県,2017-02-19,elec_769,local,council,seijiyama.jp
大鹿村長選挙（2017年1月15日投票）結果,長野県,2017-01-15,elec_770,local,council,seijiyama.jp
佐久市長選挙（2017年4月16日投票）結果,長野県,2017-04-16,elec_771,local,council,seijiyama.jp
筑北村長選挙（2017年10月22日投票）結果,長野県,2017-10-22,elec_772,local,council,seijiyama.jp
中川村議会議員補欠選挙（2017年4月23日投票）結果,長野県,2017-04-23,elec_773,local,council,seijiyama.jp
鰺ヶ沢町長選挙（2017年12月3日投票）結果,青森県,2017-12-03,elec_774,local,council,seijiyama.jp
おいらせ町長選挙（2018年2月25日投票）結果,青森県,2018-02-25,elec_775,local,council,seijiyama.jp
今別町長選挙（2017年10月1日投票）結果,青森県,2017-10-01,elec_776,local,council,seijiyama.jp
風間浦村長選挙（2017年2月19日投票）結果,青森県,2017-02-19,elec_777,local,council,seijiyama.jp
蓬田村長選挙（2017年10月29日投票）結果,青森県,2017-10-29,elec_778,local,council,seijiyama.jp
南部町長選挙（2018年1月28日投票）結果,青森県,2018-01-28,elec_779,local,council,seijiyama.jp
外ヶ浜町長選挙（2017年3月26日投票）結果,青森県,2017-03-26,elec_780,local,council,seijiyama.jp
大間町長選挙（2017年1月15日投票）結果,青森県,2017-01-15,elec_781,local,council,seijiyama.jp
階上町長選挙（2017年12月17日投票）結果,青森県,2017-12-17,elec_782,local,council,seijiyama.jp
七戸町長選挙（2017年4月16日投票）結果,青森県,2017-04-16,elec_783,local,council,seijiyama.jp
十和田市長選挙（2017年1月22日投票）結果,青森県,2017-01-22,elec_784,local,council,seijiyama.jp
八戸市長選挙（2017年10月22日投票）結果,青森県,2017-10-22,elec_785,local,council,seijiyama.jp
平川市長選挙（2018年1月28日投票）結果,青森県,2018-01-28,elec_786,local,council,seijiyama.jp
中泊町長選挙（2017年4月9日投票）結果,青森県,2017-04-09,elec_787,local,council,seijiyama.jp
新郷村長選挙（2017年5月21日投票）結果,青森県,2017-05-21,elec_788,local,council,seijiyama.jp
東北町長選挙（2017年4月9日投票）結果,青森県,2017-04-09,elec_789,local,council,seijiyama.jp
西目屋村長選挙（2018年1月28日投票）結果,青森県,2018-01-28,elec_790,local,council,seijiyama.jp
東通村長選挙（2017年3月19日投票）結果,青森県,2017-03-19,elec_791,local,council,seijiyama.jp
弘前市長選挙（2018年4月8日投票）結果,青森県,2018-04-08,elec_792,local,council,seijiyama.jp
つがる市長選挙（2017年2月26日投票）結果,青森県,2017-02-26,elec_793,local,council,seijiyama.jp
函南町長選挙（2018年3月25日投票）結果,静岡県,2018-03-25,elec_794,local,council,seijiyama.jp
菊川市議会議員選挙（2017年1月22日投票）結果,静岡県,2017-01-22,elec_795,local,council,seijiyama.jp
伊東市長選挙（2017年5月21日投票）結果,静岡県,2017-05-21,elec_796,local,council,seijiyama.jp
南伊豆町長選挙（2017年4月30日投票）結果,静岡県,2017-04-30,elec_797,local,council,seijiyama.jp
袋井市長選挙（2017年4月16日投票）結果,静岡県,2017-04-16,elec_798,local,council,seijiyama.jp
牧之原市長選挙（2017年10月22日投票）結果,静岡県,2017-10-22,elec_799,local,council,seijiyama.jp
裾野市長選挙（2018年1月21日投票）結果,静岡県,2018-01-21,elec_800,local,council,seijiyama.jp
島田市長選挙（2017年5月21日投票）結果,静岡県,2017-05-21,elec_801,local,council,seijiyama.jp
東伊豆町長選挙（2018年3月18日投票）結果,静岡県,2018-03-18,elec_802,local,council,seijiyama.jp
菊川市長選挙（2017年1月22日投票）結果,静岡県,2017-01-22,elec_803,local,council,seijiyama.jp
伊豆の国市長選挙（2017年4月16日投票）結果,静岡県,2017-04-16,elec_804,local,council,seijiyama.jp
富士市長選挙（2017年12月24日投票）結果,静岡県,2017-12-24,elec_805,local,council,seijiyama.jp
河津町長選挙（2017年11月26日投票）結果,静岡県,2017-11-26,elec_806,local,council,seijiyama.jp
静岡県知事選挙（2017年6月25日投票）結果,静岡県,2017-06-25,elec_807,local,council,seijiyama.jp
掛川市長選挙（2017年4月16日投票）結果,静岡県,2017-04-16,elec_808,local,council,seijiyama.jp
西伊豆町長選挙（2017年4月16日投票）結果,静岡県,2017-04-16,elec_809,local,council,seijiyama.jp
磐田市長選挙（2017年4月16日投票）結果,静岡県,2017-04-16,elec_810,local,council,seijiyama.jp
松崎町長選挙（2017年12月3日投票）結果,静岡県,2017-12-03,elec_811,local,council,seijiyama.jp
静岡市議会議員選挙（2017年3月26日投票）選挙区一覧｜政治山,静岡県,2017-03-26,elec_812,local,council,seijiyama.jp
御殿場市長選挙（2017年1月29日投票）結果,静岡県,2017-01-29,elec_813,local,council,seijiyama.jp
東かがわ市議会議員選挙（2019年4月21日投票）結果,香川県,2019-04-21,elec_814,local,council,seijiyama.jp
丸亀市議会議員選挙（2017年4月16日投票）結果,香川県,2017-04-16,elec_815,local,council,seijiyama.jp
三豊市議会議員選挙（2018年1月28日投票）結果,香川県,2018-01-28,elec_816,local,council,seijiyama.jp
土庄町長選挙（2017年12月24日投票）結果,香川県,2017-12-24,elec_817,local,council,seijiyama.jp
東かがわ市長選挙（2019年4月21日投票）結果,香川県,2019-04-21,elec_818,local,council,seijiyama.jp
多度津町議会議員選挙（2019年2月3日投票）結果,香川県,2019-02-03,elec_819,local,council,seijiyama.jp
多度津町長選挙（2019年2月3日投票）結果,香川県,2019-02-03,elec_820,local,council,seijiyama.jp
観音寺市議会議員選挙（2017年11月12日投票）結果,香川県,2017-11-12,elec_821,local,council,seijiyama.jp
三木町長選挙（2018年9月30日投票）結果,香川県,2018-09-30,elec_822,local,council,seijiyama.jp
観音寺市長選挙（2017年11月12日投票）結果,香川県,2017-11-12,elec_823,local,council,seijiyama.jp
さぬき市長選挙（2018年4月22日投票）結果,香川県,2018-04-22,elec_824,local,council,seijiyama.jp
三豊市長選挙（2017年12月24日投票）結果,香川県,2017-12-24,elec_825,local,council,seijiyama.jp
宇多津町長選挙（2018年9月30日投票）結果,香川県,2018-09-30,elec_826,local,council,seijiyama.jp
香川県知事選挙（2018年8月26日投票）結果,香川県,2018-08-26,elec_827,local,council,seijiyama.jp
直島町長選挙（2018年5月13日投票）結果,香川県,2018-05-13,elec_828,local,council,seijiyama.jp
善通寺市長選挙（2018年4月22日投票）結果,香川県,2018-04-22,elec_829,local,council,seijiyama.jp
小豆島町長選挙（2018年4月15日投票）結果,香川県,2018-04-15,elec_830,local,council,seijiyama.jp
丸亀市長選挙（2017年4月16日投票）結果,香川県,2017-04-16,elec_831,local,council,seijiyama.jp
坂出市長選挙（2017年5月14日投票）結果,香川県,2017-05-14,elec_832,local,council,seijiyama.jp
中土佐町議会議員選挙（2018年1月21日投票）結果,高知県,2018-01-21,elec_833,local,council,seijiyama.jp
佐川町議会議員選挙（2017年10月8日投票）結果,高知県,2017-10-08,elec_834,local,council,seijiyama.jp
中土佐町長選挙（2018年1月21日投票）結果,高知県,2018-01-21,elec_835,local,council,seijiyama.jp
津野町議会議員選挙（2017年6月18日投票）結果,高知県,2017-06-18,elec_836,local,council,seijiyama.jp
四万十市長選挙（2017年4月23日投票）結果,高知県,2017-04-23,elec_837,local,council,seijiyama.jp
いの町議会議員選挙（2017年5月21日投票）結果,高知県,2017-05-21,elec_838,local,council,seijiyama.jp
東洋町議会議員選挙（2018年1月21日投票）結果,高知県,2018-01-21,elec_839,local,council,seijiyama.jp
本山町長選挙（2017年11月26日投票）結果,高知県,2017-11-26,elec_840,local,council,seijiyama.jp
佐川町長選挙（2017年10月8日投票）結果,高知県,2017-10-08,elec_841,local,council,seijiyama.jp
梼原町長選挙（2017年12月3日投票）結果,高知県,2017-12-03,elec_842,local,council,seijiyama.jp
仁淀川町長選挙（2017年8月6日投票）結果,高知県,2017-08-06,elec_843,local,council,seijiyama.jp
仁淀川町議会議員選挙（2018年1月21日投票）結果,高知県,2018-01-21,elec_844,local,council,seijiyama.jp
田野町長選挙（2017年4月23日投票）結果,高知県,2017-04-23,elec_845,local,council,seijiyama.jp
大月町長選挙（2017年3月19日投票）結果,高知県,2017-03-19,elec_846,local,council,seijiyama.jp
土佐清水市長選挙（2017年5月21日投票）結果,高知県,2017-05-21,elec_847,local,council,seijiyama.jp
南国市長選挙（2017年8月6日投票）結果,高知県,2017-08-06,elec_848,local,council,seijiyama.jp
安芸市長選挙（2017年8月20日投票）結果,高知県,2017-08-20,elec_849,local,council,seijiyama.jp
津野町長選挙（2017年2月12日投票）結果,高知県,2017-02-12,elec_850,local,council,seijiyama.jp
三原村長選挙（2017年12月17日投票）結果,高知県,2017-12-17,elec_851,local,council,seijiyama.jp
香美市長選挙（2018年3月25日投票）結果,高知県,2018-03-25,elec_852,local,council,seijiyama.jp
日野町長選挙（2018年2月4日投票）結果,鳥取県,2018-02-04,elec_853,local,council,seijiyama.jp
若桜町長選挙（2018年2月11日投票）結果,鳥取県,2018-02-11,elec_854,local,council,seijiyama.jp
湯梨浜町議会議員選挙（2017年4月23日投票）結果,鳥取県,2017-04-23,elec_855,local,council,seijiyama.jp
八頭町議会議員選挙（2017年4月16日投票）結果,鳥取県,2017-04-16,elec_856,local,council,seijiyama.jp
三朝町議会議員選挙（2017年10月29日投票）結果,鳥取県,2017-10-29,elec_857,local,council,seijiyama.jp
若桜町議会議員選挙（2018年2月11日投票）結果,鳥取県,2018-02-11,elec_858,local,council,seijiyama.jp
智頭町議会議員選挙（2017年7月9日投票）結果,鳥取県,2017-07-09,elec_859,local,council,seijiyama.jp
倉吉市議会議員選挙（2017年10月1日投票）結果,鳥取県,2017-10-01,elec_860,local,council,seijiyama.jp
琴浦町議会議員選挙（2018年1月28日投票）結果,鳥取県,2018-01-28,elec_861,local,council,seijiyama.jp
米子市長選挙（2017年4月16日投票）結果,鳥取県,2017-04-16,elec_862,local,council,seijiyama.jp
伯耆町長選挙（2017年1月22日投票）結果,鳥取県,2017-01-22,elec_863,local,council,seijiyama.jp
境港市議会議員選挙（2018年2月4日投票）結果,鳥取県,2018-02-04,elec_864,local,council,seijiyama.jp
鳥取市長選挙（2018年3月25日投票）結果,鳥取県,2018-03-25,elec_865,local,council,seijiyama.jp
日南町長選挙（2018年2月25日投票）結果,鳥取県,2018-02-25,elec_866,local,council,seijiyama.jp
琴浦町長選挙（2018年1月28日投票）結果,鳥取県,2018-01-28,elec_867,local,council,seijiyama.jp
倉吉市長選挙（2018年3月25日投票）結果,鳥取県,2018-03-25,elec_868,local,council,seijiyama.jp
三朝町長選挙（2017年10月29日投票）結果,鳥取県,2017-10-29,elec_869,local,council,seijiyama.jp
北栄町長選挙（2017年10月1日投票）結果,鳥取県,2017-10-01,elec_870,local,council,seijiyama.jp
大山町長選挙（2017年4月16日投票）結果,鳥取県,2017-04-16,elec_871,local,council,seijiyama.jp
岩美町長選挙（2017年11月19日投票）結果,鳥取県,2017-11-19,elec_872,local,council,seijiyama.jp
三島村長選挙（2017年11月5日投票）結果,鹿児島県,2017-11-05,elec_873,local,council,seijiyama.jp
西之表市議会議員選挙（2017年1月29日投票）結果,鹿児島県,2017-01-29,elec_874,local,council,seijiyama.jp
志布志市長選挙（2018年1月28日投票）結果,鹿児島県,2018-01-28,elec_875,local,council,seijiyama.jp
指宿市長選挙（2018年2月4日投票）結果,鹿児島県,2018-02-04,elec_876,local,council,seijiyama.jp
南さつま市長選挙（2017年11月19日投票）結果,鹿児島県,2017-11-19,elec_877,local,council,seijiyama.jp
鹿屋市長選挙（2018年1月28日投票）結果,鹿児島県,2018-01-28,elec_878,local,council,seijiyama.jp
霧島市長選挙（2017年11月19日投票）結果,鹿児島県,2017-11-19,elec_879,local,council,seijiyama.jp
西之表市長選挙（2017年1月29日投票）結果,鹿児島県,2017-01-29,elec_880,local,council,seijiyama.jp
湧水町長選挙（2017年4月16日投票）結果,鹿児島県,2017-04-16,elec_881,local,council,seijiyama.jp
曽於市長選挙（2017年7月23日投票）結果,鹿児島県,2017-07-23,elec_882,local,council,seijiyama.jp
大和村長選挙（2017年8月20日投票）結果,鹿児島県,2017-08-20,elec_883,local,council,seijiyama.jp
枕崎市長選挙（2018年1月21日投票）結果,鹿児島県,2018-01-21,elec_884,local,council,seijiyama.jp
南大隅町長選挙（2017年4月16日投票）結果,鹿児島県,2017-04-16,elec_885,local,council,seijiyama.jp
いちき串木野市長選挙（2017年10月22日投票）結果,鹿児島県,2017-10-22,elec_886,local,council,seijiyama.jp
日置市長選挙（2017年5月21日投票）結果,鹿児島県,2017-05-21,elec_887,local,council,seijiyama.jp
奄美市長選挙（2017年11月19日投票）結果,鹿児島県,2017-11-19,elec_888,local,council,seijiyama.jp
錦江町長選挙（2017年11月26日投票）結果,鹿児島県,2017-11-26,elec_889,local,council,seijiyama.jp
大崎町長選挙（2017年12月3日投票）結果,鹿児島県,2017-12-03,elec_890,local,council,seijiyama.jp
肝付町長選挙（2017年7月9日投票）結果,鹿児島県,2017-07-09,elec_891,local,council,seijiyama.jp
